eplenmean,eprewmean,fps,loss/approxkl,loss/clipfrac,loss/policy_entropy,loss/policy_loss,loss/value_loss,misc/explained_variance,misc/nupdates,misc/serial_timesteps,misc/time_elapsed,misc/total_timesteps
1000.0,-1217.939248,524,0.0025132955,0.024658203,8.515696,-0.008455295,232.03548,-0.0019109249114990234,1,2048,3.9064535929992417,2048
1000.0,-972.9465155999999,539,0.0037454192,0.03881836,8.487601,-0.003050686,79.26637,0.01426553726196289,10,20480,38.51523834599902,20480
1000.0,-868.1812606999999,517,0.0034526067,0.02758789,8.464,-0.0011730897,82.002205,0.14427417516708374,20,40960,78.4558838110006,40960
1000.0,-798.4518416229507,515,0.0063534603,0.087768555,8.448833,-0.003763496,44.60758,0.06650406122207642,30,61440,118.26459919599984,61440
1000.0,-769.2233367777778,496,0.0050409464,0.061157227,8.42346,-0.001255254,112.25002,0.1328282356262207,40,81920,158.41115641500073,81920
1000.0,-774.8436784800002,516,0.007422803,0.10632324,8.410203,-0.0055127875,21.334358,0.12022501230239868,50,102400,198.71326412800045,102400
1000.0,-754.5550959300001,513,0.0038732018,0.032104492,8.4003935,-0.000577939,24.501268,0.13487887382507324,60,122880,239.3534785259999,122880
1000.0,-769.58746458,494,0.0036400147,0.032958984,8.391124,-0.0014652939,125.76713,0.3604087829589844,70,143360,280.1724569929993,143360
1000.0,-795.62966502,508,0.0024643717,0.014282227,8.381101,-0.00029761193,100.5579,0.43799442052841187,80,163840,320.65016217300035,163840
1000.0,-784.40882068,506,0.0031442274,0.024780273,8.369335,0.0002717475,71.16172,0.5214653015136719,90,184320,360.9197672650007,184320
1000.0,-725.9999001299999,517,0.003089178,0.028320312,8.359948,-0.0018500036,19.745829,0.24604570865631104,100,204800,400.8542034359998,204800
1000.0,-663.4371397900001,517,0.005101,0.05834961,8.341912,-0.000771448,21.409533,0.52325040102005,110,225280,440.748637187,225280
1000.0,-591.57072309,500,0.006293487,0.083496094,8.337064,-0.0018706894,34.25718,0.5433399081230164,120,245760,481.1002034819994,245760
1000.0,-495.2726759,512,0.0065629166,0.08959961,8.323467,-0.0042832196,17.605438,0.20535367727279663,130,266240,521.0773609150001,266240
1000.0,-411.3534758,519,0.0023320667,0.013183594,8.315667,-0.0010185482,14.518704,0.4704558849334717,140,286720,561.1752086359993,286720
1000.0,-311.34085522999993,516,0.002918984,0.026733398,8.3030405,-0.0010758389,33.793987,-0.24893593788146973,150,307200,601.0031602599993,307200
1000.0,-190.93005501999997,510,0.0034048166,0.03112793,8.264291,-0.0008166142,33.649933,0.48206251859664917,160,327680,640.9063168850007,327680
1000.0,-38.49230551,512,0.004207547,0.048461914,8.234962,0.00049849704,19.20454,0.20662569999694824,170,348160,680.6759014649997,348160
1000.0,101.14415102000001,509,0.009900708,0.13928223,8.141108,0.0043888143,22.05608,0.13917171955108643,180,368640,720.4764039149995,368640
1000.0,203.01127653999993,513,0.011448275,0.16918945,8.098747,-6.253482e-05,18.313889,0.32711315155029297,190,389120,760.3114620739998,389120
1000.0,278.21611785,503,0.0074550454,0.10144043,8.073603,0.0017241645,11.178078,0.5966894328594208,200,409600,800.1910725119997,409600
1000.0,339.61495489999993,505,0.0071865935,0.100097656,8.07863,2.7111266e-05,8.30628,0.45845168828964233,210,430080,840.9723303760002,430080
1000.0,373.31823687,505,0.007814537,0.10961914,8.0839815,-0.0015284412,6.894464,0.5675772428512573,220,450560,881.4698995069994,450560
1000.0,386.76186826,509,0.009663912,0.14367676,8.074081,-0.0026008175,6.1668663,0.4397302269935608,230,471040,921.9027961810007,471040
1000.0,386.58831178,510,0.0061373776,0.07775879,8.062051,-0.0015667175,5.668744,0.5712931752204895,240,491520,962.4312817089994,491520
1000.0,387.05305006000003,512,0.0064188316,0.079956055,8.047878,-0.0013439287,7.442122,0.31877171993255615,250,512000,1002.98743388,512000
1000.0,384.59329214999997,499,0.008142598,0.12219238,8.039642,-0.001123876,5.382498,0.3718597888946533,260,532480,1043.4255442609992,532480
1000.0,384.14220503999996,505,0.010700296,0.15161133,8.031244,0.0016598759,5.327965,0.36557304859161377,270,552960,1083.7586647089993,552960
1000.0,385.11266698,504,0.008593109,0.122924805,8.028369,-0.0003743561,5.0194483,0.4977419972419739,280,573440,1124.4350612639992,573440
1000.0,384.37045358999995,505,0.005734526,0.06982422,8.035307,-0.000983547,5.4782133,0.5085839927196503,290,593920,1164.853074868999,593920
1000.0,383.80289065,500,0.009886897,0.14428711,8.038763,-0.00043871457,5.697213,0.5359396040439606,300,614400,1205.508206331,614400
1000.0,386.01546362,502,0.031479422,0.32702637,8.047244,-0.00080977887,5.9033694,0.17746776342391968,310,634880,1246.0317579530001,634880
1000.0,386.9262356699999,505,0.017448163,0.25378418,8.090166,-0.0026105384,6.0368557,0.5063097178936005,320,655360,1286.3922351750007,655360
1000.0,369.9812396699999,501,0.005306121,0.06323242,8.0907955,0.0008525277,6.1561337,0.5464800596237183,330,675840,1327.108226082999,675840
1000.0,370.13118308000014,505,0.009807478,0.14624023,8.079507,-0.0007687279,9.074772,0.37730127573013306,340,696320,1367.5342610610005,696320
1000.0,377.46880274,503,0.008949533,0.12463379,8.072063,-0.0019459648,7.2543693,0.165496826171875,350,716800,1407.9375597580001,716800
1000.0,387.4125951500001,500,0.010420913,0.13903809,8.059959,-0.0025885238,8.409775,-0.031445860862731934,360,737280,1448.5510328250002,737280
1000.0,397.56339533,505,0.0090192,0.12109375,8.060146,0.00013038359,8.17983,0.303100049495697,370,757760,1489.1303143080004,757760
1000.0,387.656545,504,0.02882874,0.32092285,8.0636425,0.0038345251,7.4888544,0.28851765394210815,380,778240,1529.4788375629996,778240
1000.0,415.68727418,503,0.0115552405,0.17993164,8.085979,-0.00076860224,7.538949,0.022519230842590332,390,798720,1570.0133299289992,798720
1000.0,417.12558986000005,507,0.009449822,0.13208008,8.113637,-0.0001242396,7.911804,0.49754589796066284,400,819200,1610.275431729,819200
1000.0,414.83902091,501,0.00676704,0.08508301,8.116448,0.003275494,8.558752,0.5412580966949463,410,839680,1650.5725519049993,839680
1000.0,415.8411260999999,500,0.009387852,0.13061523,8.128152,0.0011504627,8.592789,0.19140625,420,860160,1691.0671142680003,860160
1000.0,455.24201448,502,0.020998718,0.26782227,8.12004,-0.0012723848,7.467158,0.07259261608123779,430,880640,1731.4861491440006,880640
1000.0,455.1209905799999,508,0.014139401,0.21020508,8.134753,-0.0031650313,8.000759,0.15033066272735596,440,901120,1771.491177541,901120
1000.0,456.60424228999995,504,0.016436812,0.23400879,8.1338825,-0.0019559413,7.324445,0.07441860437393188,450,921600,1812.1140274680001,921600
1000.0,461.19477817,503,0.0066691395,0.08666992,8.163557,0.00082961476,8.211981,0.19208931922912598,460,942080,1852.6960507919994,942080
1000.0,446.56802454000007,504,0.015017216,0.20166016,8.13463,-0.0012532852,7.892253,0.2099856734275818,470,962560,1893.0859221419996,962560
1000.0,387.25789448999996,508,0.0066459333,0.08544922,8.136747,-0.0016884526,11.77449,0.1408432126045227,480,983040,1933.5350709239992,983040
1000.0,350.1529235,508,0.010906445,0.16662598,8.151691,-0.004020217,11.951906,0.3404272198677063,490,1003520,1973.783698141,1003520
1000.0,334.16719373,510,0.011130211,0.16955566,8.162885,-0.0017288749,12.686945,0.23336642980575562,500,1024000,2013.8840073680003,1024000
1000.0,335.32801714,504,0.008050744,0.10864258,8.165729,-0.00030069053,8.499501,0.10659241676330566,510,1044480,2054.596586382,1044480
1000.0,349.18674694000003,507,0.00743572,0.103759766,8.16188,-0.00039017154,9.183443,0.09531569480895996,520,1064960,2094.927092447,1064960
1000.0,389.43782410000006,505,0.008582487,0.122680664,8.169589,-0.0023314115,8.57326,0.21118181943893433,530,1085440,2135.128892928,1085440
1000.0,427.05964478999994,504,0.015150937,0.22265625,8.162751,-0.005247142,8.295164,0.10946613550186157,540,1105920,2175.4919692189997,1105920
1000.0,445.3588805000001,502,0.02507808,0.31323242,8.186169,-0.0012851066,8.66605,0.16414302587509155,550,1126400,2215.881492994,1126400
1000.0,445.3819348799999,513,0.009309371,0.13671875,8.152811,-0.0015284034,8.495914,0.1688593626022339,560,1146880,2256.0700528380003,1146880
1000.0,426.52825462999994,507,0.006254146,0.07861328,8.201064,0.0009086495,8.248418,0.24813508987426758,570,1167360,2296.5636638979995,1167360
1000.0,406.3512185900001,509,0.010542108,0.15490723,8.201098,-0.0035954497,9.196937,0.23242944478988647,580,1187840,2336.6629124989995,1187840
1000.0,358.9356710799999,510,0.007057333,0.08959961,8.214607,0.001596957,9.043394,0.21222388744354248,590,1208320,2376.8689378540003,1208320
1000.0,319.2117135700001,501,0.0066968594,0.08630371,8.200197,-0.0010097987,240.08443,0.6026593744754791,600,1228800,2417.319661021,1228800
1000.0,279.58081615,507,0.012992656,0.1973877,8.203629,-5.947461e-05,10.280435,0.23001223802566528,610,1249280,2457.4374563460005,1249280
1000.0,301.06670098,506,0.009876348,0.14111328,8.222112,0.0023519825,9.132226,0.10468077659606934,620,1269760,2497.540117344999,1269760
1000.0,364.70157571000004,503,0.010879201,0.1574707,8.211193,0.00032874377,9.24201,0.08873295783996582,630,1290240,2537.961139335999,1290240
1000.0,312.26138283,505,0.009037108,0.13195801,8.223129,-0.00018872926,9.364305,0.017261087894439697,640,1310720,2578.3198663580006,1310720
1000.0,322.5445988,516,0.009106785,0.123046875,8.22307,-0.0023953973,9.297745,0.18320608139038086,650,1331200,2618.304389969,1331200
1000.0,363.51627526,506,0.009642191,0.14331055,8.203045,-0.0013258972,10.385668,0.20576441287994385,660,1351680,2658.608943658999,1351680
1000.0,365.10977299,512,0.016194504,0.23413086,8.201759,0.0011780062,9.360903,0.28003281354904175,670,1372160,2698.7382919129996,1372160
1000.0,367.84905704000005,509,0.012879147,0.2019043,8.218945,0.0008087294,9.764774,0.14420795440673828,680,1392640,2738.7734724050006,1392640
1000.0,453.6738508100001,511,0.014912189,0.2133789,8.227616,-0.0020439401,10.723771,0.048817217350006104,690,1413120,2778.8516138920004,1413120
1000.0,488.72685697000003,506,0.01040596,0.14733887,8.236548,-0.0007269115,9.085309,0.20611679553985596,700,1433600,2819.0169161169997,1433600
1000.0,450.99347937000005,507,0.014506006,0.21264648,8.250902,-0.0035720137,8.984669,0.12585902214050293,710,1454080,2858.896783868,1454080
1000.0,453.71931898,510,0.0089652715,0.123046875,8.255265,-0.0016126627,10.912979,-0.013632535934448242,720,1474560,2899.0421996120003,1474560
1000.0,440.80609072,515,0.005319984,0.0592041,8.278129,0.0007612059,15.648265,0.15559536218643188,730,1495040,2938.9244255390004,1495040
1000.0,441.83546912,504,0.014472381,0.21228027,8.275324,-0.0030947805,9.396631,0.23600351810455322,740,1515520,2978.9438793589998,1515520
1000.0,438.0257424599999,514,0.015172245,0.22705078,8.331427,0.0026704574,13.9995775,0.11995166540145874,750,1536000,3018.9373188110003,1536000
1000.0,482.0151638999999,509,0.008219842,0.119628906,8.370054,-0.00258927,10.563721,0.009023964405059814,760,1556480,3059.0826515730005,1556480
1000.0,483.37978387,510,0.009863825,0.13720703,8.384068,-0.0025294633,9.338891,0.23577362298965454,770,1576960,3098.9953065909995,1576960
1000.0,497.8139166099999,510,0.01471911,0.20800781,8.399312,-0.0019798095,10.552389,0.15362370014190674,780,1597440,3138.9559758899995,1597440
1000.0,497.16916847,512,0.013345507,0.20043945,8.372501,-0.0021480175,9.533433,0.053497910499572754,790,1617920,3179.060957857,1617920
1000.0,503.22321378,511,0.009439618,0.13684082,8.392643,-0.002810297,10.644981,0.3158092498779297,800,1638400,3218.9556996280007,1638400
1000.0,502.19945069999994,507,0.0143291205,0.20703125,8.415224,-0.0020869179,9.535427,0.13239699602127075,810,1658880,3259.0651155199994,1658880
1000.0,502.18699056,510,0.010594137,0.16088867,8.441882,0.0002908769,10.145807,0.20667743682861328,820,1679360,3299.146003963,1679360
1000.0,506.00859522999997,514,0.010065897,0.14953613,8.444921,0.000713927,9.433955,0.09794741868972778,830,1699840,3338.9814098879997,1699840
1000.0,505.92542570000006,512,0.008685554,0.119262695,8.449557,-0.0044201314,9.525383,0.13659411668777466,840,1720320,3378.9740884519997,1720320
1000.0,505.03731417,513,0.012151632,0.17541504,8.427017,-0.002311795,9.615557,0.16904300451278687,850,1740800,3418.998080703999,1740800
1000.0,506.9765456900001,511,0.01634704,0.22619629,8.430457,-0.003020118,10.346104,0.21136373281478882,860,1761280,3458.861585806,1761280
1000.0,509.52420886000004,512,0.005845065,0.07299805,8.456027,-0.00090163393,9.800416,0.14480048418045044,870,1781760,3499.1074340609994,1781760
1000.0,511.45345922000007,507,0.009971993,0.14819336,8.433075,-0.001361468,10.575476,0.14937996864318848,880,1802240,3539.194919058,1802240
1000.0,517.66157753,511,0.02338616,0.30273438,8.415445,-0.001669052,9.751353,0.24286997318267822,890,1822720,3578.932096191,1822720
1000.0,521.1164916900001,512,0.00875585,0.12561035,8.412151,-0.00014714745,12.19573,0.18337470293045044,900,1843200,3618.9577185569997,1843200
1000.0,522.8718810099999,497,0.010110865,0.15222168,8.389124,-0.0018027625,11.06601,0.15743696689605713,910,1863680,3658.9498461290004,1863680
1000.0,524.8053803399999,509,0.009903876,0.14477539,8.387011,-0.0026481138,11.694577,0.1475658416748047,920,1884160,3698.6613918759995,1884160
1000.0,526.09910534,512,0.022232594,0.26660156,8.365674,-0.0016147252,10.7422695,0.1336982250213623,930,1904640,3738.498878888,1904640
1000.0,526.10127288,496,0.011049479,0.16247559,8.37973,-0.003806497,10.573602,0.06522226333618164,940,1925120,3778.4364377780003,1925120
1000.0,528.1273978099999,512,0.018740663,0.27331543,8.396752,-0.008969409,10.126161,0.15833020210266113,950,1945600,3818.2282252759996,1945600
1000.0,529.4776399999998,510,0.014456683,0.20446777,8.399425,-0.0039924234,9.971191,0.11687219142913818,960,1966080,3858.546369074,1966080
1000.0,530.92508515,498,0.00803539,0.11022949,8.45112,-0.0012404014,11.073471,0.21484416723251343,970,1986560,3898.7062204859994,1986560
1000.0,534.62052577,516,0.009132714,0.14074707,8.46229,-0.0010509441,13.502638,0.32002073526382446,980,2007040,3938.4439784120004,2007040
1000.0,537.9579281900001,512,0.0065198513,0.08947754,8.457697,-0.00010772029,13.1083555,0.17599236965179443,990,2027520,3978.187505172,2027520
1000.0,538.8250872499999,500,0.01301913,0.19360352,8.455167,-0.00016010186,15.721689,0.20756620168685913,1000,2048000,4017.828333604999,2048000
1000.0,542.5924110399999,516,0.011125826,0.16149902,8.452629,-0.0014249934,13.643109,-0.004058241844177246,1010,2068480,4057.5384837990005,2068480
1000.0,545.22153908,513,0.014380874,0.21704102,8.457928,-0.0013228775,10.769604,0.18574237823486328,1020,2088960,4097.393781999001,2088960
1000.0,544.15567175,503,0.0076917936,0.10192871,8.442185,-0.0014701673,10.764298,0.2562132477760315,1030,2109440,4137.004175550999,2109440
1000.0,531.5589010799999,509,0.0063480744,0.08129883,8.41543,-0.0027474896,12.401809,0.16748017072677612,1040,2129920,4176.775588737999,2129920
1000.0,535.70031796,513,0.007617289,0.10498047,8.421683,-0.00073979056,12.227385,0.17029422521591187,1050,2150400,4216.554184023,2150400
1000.0,535.1221337000001,511,0.006358278,0.08093262,8.421913,-0.002032918,11.732689,0.26759159564971924,1060,2170880,4256.151932159999,2170880
1000.0,533.75606424,507,0.015320051,0.22155762,8.38993,-0.0012357553,11.333945,0.18315726518630981,1070,2191360,4296.044348654001,2191360
1000.0,547.84447064,511,0.017439656,0.2536621,8.396295,-0.0011713291,11.304599,0.29951202869415283,1080,2211840,4336.00277809,2211840
1000.0,547.52942532,519,0.00867898,0.12963867,8.401643,-0.0019340625,10.650438,0.1292315125465393,1090,2232320,4375.717326589,2232320
1000.0,544.2046922200001,512,0.01456999,0.20666504,8.405811,0.00037372595,11.781797,0.09473198652267456,1100,2252800,4415.935565333999,2252800
1000.0,544.03183577,510,0.013876669,0.20410156,8.413049,-0.003451252,11.574386,0.04729020595550537,1110,2273280,4455.970413591,2273280
1000.0,546.92221253,513,0.009451367,0.14355469,8.403123,-0.0019320601,11.074518,0.10102444887161255,1120,2293760,4495.901835694,2293760
1000.0,549.4789471600001,512,0.011113678,0.17138672,8.399001,-0.0009446091,10.972811,0.08285129070281982,1130,2314240,4536.0684734589995,2314240
1000.0,549.7203075499999,510,0.009622693,0.1451416,8.402448,-0.0028801863,11.361776,0.23622888326644897,1140,2334720,4575.987103509,2334720
1000.0,553.4545328799999,514,0.01337866,0.18835449,8.39,-0.00034244597,11.489256,0.1955174207687378,1150,2355200,4615.592357846001,2355200
1000.0,558.63449361,511,0.022622867,0.28564453,8.365128,-0.0028139348,10.760694,0.1571882963180542,1160,2375680,4655.418682170999,2375680
1000.0,563.26919291,517,0.011597311,0.17590332,8.377179,-0.00060279894,13.583979,0.1677040457725525,1170,2396160,4695.400321313,2396160
1000.0,564.47808234,519,0.005205009,0.05834961,8.394222,-0.0024068423,13.243673,0.16340887546539307,1180,2416640,4734.857898750999,2416640
1000.0,559.1178757600001,510,0.013562524,0.19470215,8.417152,-0.00164604,12.113279,0.2113170623779297,1190,2437120,4774.600711699,2437120
1000.0,552.5415084699999,512,0.01181549,0.16369629,8.412696,-0.0013015328,12.073374,0.20466923713684082,1200,2457600,4814.173887319999,2457600
1000.0,549.25049459,512,0.012194797,0.18115234,8.37422,-0.0015673182,13.204726,0.2016848921775818,1210,2478080,4853.848127927,2478080
1000.0,548.73253235,518,0.010209589,0.14709473,8.354996,-0.0032934663,13.528726,0.09485375881195068,1220,2498560,4893.493577863999,2498560
1000.0,553.3694166,521,0.006895208,0.088134766,8.356813,-0.0013449164,16.05717,0.19758933782577515,1230,2519040,4933.103436035,2519040
1000.0,566.9354432700001,513,0.021317856,0.2512207,8.373226,-0.0024866408,12.649637,0.1363290548324585,1240,2539520,4972.788562188,2539520
1000.0,579.0462661400001,513,0.008118187,0.11364746,8.380244,6.311579e-05,18.193554,0.09212923049926758,1250,2560000,5012.744078873,2560000
1000.0,573.29773243,511,0.005591335,0.067993164,8.382225,1.0219519e-06,23.397665,0.3889615535736084,1260,2580480,5052.639513806,2580480
1000.0,565.8347987200001,514,0.016052542,0.24060059,8.356006,0.0006240704,11.820868,0.06003749370574951,1270,2600960,5092.429351085,2600960
1000.0,565.06758407,514,0.014008394,0.21069336,8.3567095,-2.653303e-05,11.559108,0.029477298259735107,1280,2621440,5132.287461866999,2621440
1000.0,541.0689224199999,499,0.0071317665,0.09448242,8.376389,0.0021957904,292.19254,0.3581967353820801,1290,2641920,5172.47806408,2641920
1000.0,519.8384109100001,509,0.010682731,0.1505127,8.3719425,-0.0025090296,13.127586,-0.027652740478515625,1300,2662400,5212.297725068,2662400
1000.0,528.8931532099999,514,0.007735495,0.1027832,8.350231,-0.00070248346,12.34987,0.10371136665344238,1310,2682880,5252.485413005001,2682880
1000.0,533.2813711,518,0.006343462,0.08984375,8.347702,-0.0010382308,13.678083,0.10837459564208984,1320,2703360,5292.4827724120005,2703360
1000.0,535.2644727200001,514,0.0060088006,0.076293945,8.319136,-0.0028562297,12.918238,0.06961321830749512,1330,2723840,5332.206179811999,2723840
1000.0,584.1001307,509,0.015430831,0.22021484,8.317019,-0.002776544,13.780926,0.0527268648147583,1340,2744320,5372.146175431,2744320
1000.0,589.69346803,498,0.015234021,0.23303223,8.328052,-0.0010599198,14.276079,0.04854142665863037,1350,2764800,5412.176190460001,2764800
1000.0,593.78203483,506,0.009122249,0.13293457,8.306435,-6.400715e-05,13.8091,0.030921518802642822,1360,2785280,5451.886809,2785280
1000.0,601.7203742300001,506,0.012573044,0.18737793,8.306918,-0.0031814366,13.543882,0.07061344385147095,1370,2805760,5491.743918357999,2805760
1000.0,586.4470500399999,499,0.018997813,0.24169922,8.312906,0.0007949991,14.126172,0.12238943576812744,1380,2826240,5531.792490854999,2826240
1000.0,588.9349949499999,512,0.020118752,0.272583,8.312801,-0.0013174507,14.683187,0.04809415340423584,1390,2846720,5571.273404721,2846720
1000.0,586.83687045,508,0.012903147,0.18115234,8.282635,-0.0048768534,14.25864,0.10892337560653687,1400,2867200,5611.245143164,2867200
1000.0,592.86775855,490,0.015993565,0.22937012,8.2555065,-0.00037688564,14.453232,0.028361499309539795,1410,2887680,5651.318442938,2887680
1000.0,598.99379813,512,0.013347943,0.19628906,8.250681,-0.0038805832,15.5692425,0.12087011337280273,1420,2908160,5691.253321098,2908160
1000.0,623.3138831299999,514,0.009073132,0.12780762,8.244604,0.0017312127,16.596043,0.06771856546401978,1430,2928640,5731.0109864450005,2928640
1000.0,628.42212739,503,0.02509621,0.30371094,8.211106,-0.0032893443,15.376753,0.061923205852508545,1440,2949120,5770.767784289999,2949120
1000.0,643.50101741,505,0.009707361,0.1427002,8.209107,-0.002335385,16.983442,0.09340894222259521,1450,2969600,5810.562053309999,2969600
1000.0,654.93066097,514,0.0111435875,0.16101074,8.190605,-0.0022266982,17.61777,0.06283146142959595,1460,2990080,5850.2909048189995,2990080
1000.0,664.8587626399999,502,0.007968307,0.11230469,8.179324,-0.002789841,17.703072,0.06754785776138306,1470,3010560,5890.064865422,3010560
1000.0,674.4429576900001,508,0.014128486,0.20166016,8.165554,0.0015172942,22.647026,0.11744433641433716,1480,3031040,5929.875568984,3031040
1000.0,682.6191818199998,511,0.016315151,0.22937012,8.14135,-0.0024921407,18.140911,0.1300894021987915,1490,3051520,5969.827350113999,3051520
1000.0,686.3298352400001,507,0.0071355477,0.099121094,8.104227,-0.0014926187,27.192743,0.05444991588592529,1500,3072000,6009.456887663,3072000
1000.0,688.2665468100001,517,0.0087869875,0.12512207,8.09496,-0.0028963867,18.321693,0.07128840684890747,1510,3092480,6049.103283069,3092480
1000.0,690.31752035,508,0.007847745,0.110961914,8.047782,-0.0014517647,19.337965,0.001811981201171875,1520,3112960,6088.880135136,3112960
1000.0,696.70724548,508,0.007834374,0.107910156,8.03073,-0.004182962,19.327854,0.12776046991348267,1530,3133440,6128.606839082,3133440
1000.0,699.1118811599999,512,0.009735579,0.13549805,8.014421,0.00013695456,19.230919,0.07184016704559326,1540,3153920,6168.480695175,3153920
1000.0,709.2014994699999,508,0.010665104,0.15930176,7.9748664,-0.0014095157,19.050285,0.06591528654098511,1550,3174400,6208.311825336999,3174400
1000.0,715.7199450399999,509,0.008386151,0.115722656,7.935139,0.0012416152,20.98103,0.06669259071350098,1560,3194880,6248.144692178999,3194880
1000.0,720.3518731999998,513,0.011063777,0.15527344,7.9171076,6.761175e-05,21.3326,0.10220199823379517,1570,3215360,6288.151306906,3215360
1000.0,731.3624597800001,510,0.015144712,0.21350098,7.890181,-0.0009214355,26.22215,0.2853511571884155,1580,3235840,6328.166609141001,3235840
1000.0,739.9569292699998,515,0.009937389,0.14489746,7.8504877,-0.00048235478,21.751808,0.06805038452148438,1590,3256320,6368.009842670001,3256320
1000.0,743.9217037000001,509,0.01301971,0.18725586,7.864743,-0.0015080526,22.407347,0.10440868139266968,1600,3276800,6408.0324015490005,3276800
1000.0,745.4511699699999,507,0.023182128,0.28076172,7.8236046,-0.002813941,20.379921,0.08395946025848389,1610,3297280,6447.853134568,3297280
1000.0,751.64524611,514,0.009502666,0.14294434,7.810715,-9.3906594e-05,20.421776,0.07171732187271118,1620,3317760,6487.612169757,3317760
1000.0,754.2502669799999,516,0.011644606,0.17871094,7.7941117,-0.0021694752,22.852633,0.06739652156829834,1630,3338240,6527.224776032001,3338240
1000.0,753.0927060100003,519,0.024885645,0.30493164,7.765482,-0.0027283612,24.189396,0.11495357751846313,1640,3358720,6566.954296505999,3358720
1000.0,758.36812921,518,0.014110354,0.20361328,7.7466154,-0.0020506526,22.407278,0.08018457889556885,1650,3379200,6606.801138962999,3379200
1000.0,765.95892555,512,0.016092988,0.22338867,7.7282906,0.0012510683,21.804459,0.05264836549758911,1660,3399680,6646.573155116001,3399680
1000.0,769.76420829,514,0.020844216,0.26843262,7.694362,-0.00054875144,23.627293,0.11123061180114746,1670,3420160,6686.566048066999,3420160
1000.0,768.6098390899999,510,0.013477998,0.19030762,7.6572814,-0.0006683668,23.026112,0.04140549898147583,1680,3440640,6726.4455037669995,3440640
1000.0,771.9927978299999,507,0.017724287,0.23706055,7.6228814,-0.0043996396,21.374107,0.06182408332824707,1690,3461120,6766.456097230999,3461120
1000.0,776.6945771600002,512,0.018428395,0.24975586,7.603531,-0.0002719512,23.802755,0.11159473657608032,1700,3481600,6806.294315465,3481600
1000.0,778.02232592,504,0.011502469,0.16577148,7.5884743,-0.0026637444,23.442242,0.08359330892562866,1710,3502080,6846.165421117999,3502080
1000.0,784.0296049999998,511,0.0080597075,0.1048584,7.591491,-0.00036928593,23.333527,0.06452006101608276,1720,3522560,6886.011695613999,3522560
1000.0,793.60578031,514,0.010498047,0.14501953,7.5789547,-0.0031861602,31.059906,0.04365760087966919,1730,3543040,6925.868588863999,3543040
1000.0,803.0578413300001,515,0.011307163,0.17468262,7.5746727,-0.0074213883,26.30403,0.21820563077926636,1740,3563520,6965.475129687,3563520
1000.0,805.3568506099999,518,0.020074403,0.28100586,7.553034,0.009494955,37.059864,0.06338298320770264,1750,3584000,7005.348604919,3584000
1000.0,810.3081709899999,516,0.023777438,0.26428223,7.5230355,-0.0007603311,26.022303,0.05009990930557251,1760,3604480,7045.22156697,3604480
1000.0,813.61821345,512,0.021452507,0.2581787,7.5331225,0.0004914118,25.892036,0.06595981121063232,1770,3624960,7084.850241331,3624960
1000.0,816.6987304100002,512,0.01981393,0.26879883,7.5444436,0.000991049,26.303976,0.03201407194137573,1780,3645440,7124.760560941,3645440
1000.0,809.1862840800001,505,0.021540739,0.2947998,7.5283074,-0.0012558032,26.675732,0.05663585662841797,1790,3665920,7164.815652902,3665920
1000.0,816.2100692,511,0.024610495,0.2709961,7.5308423,0.0052300934,25.74704,0.04383021593093872,1800,3686400,7204.595814111,3686400
1000.0,817.58008016,510,0.013367061,0.18786621,7.5048976,-0.0009611641,26.662148,0.21736258268356323,1810,3706880,7244.595084745999,3706880
1000.0,823.49534386,505,0.01279658,0.1821289,7.5065827,-0.0020858636,26.261326,0.07955288887023926,1820,3727360,7284.56389553,3727360
1000.0,830.51253526,514,0.013712719,0.18566895,7.477836,-0.0026643919,29.036356,0.07923269271850586,1830,3747840,7324.36079074,3747840
1000.0,843.9351007299999,508,0.015233261,0.2175293,7.4726534,-0.0011324675,26.532677,0.03809422254562378,1840,3768320,7364.406780412,3768320
1000.0,843.7016121699999,582,0.011696529,0.16015625,7.464432,-0.0024664798,29.180208,0.06166553497314453,1850,3788800,7403.417196544,3788800
1000.0,851.27536117,582,0.01571808,0.22021484,7.4583893,0.00013928645,26.30638,0.02542656660079956,1860,3809280,7438.345168738,3809280
1000.0,854.6284208100001,582,0.012622909,0.16345215,7.438995,-0.0028503137,28.04329,0.044899165630340576,1870,3829760,7473.316413709001,3829760
1000.0,855.1290551399999,582,0.025045644,0.2755127,7.399712,0.0051526213,27.016617,0.07503360509872437,1880,3850240,7508.416098782,3850240
1000.0,855.1417025200003,582,0.015563964,0.21582031,7.402049,0.0009744677,27.465836,0.06745237112045288,1890,3870720,7543.378863079999,3870720
1000.0,858.3450839599999,581,0.013562798,0.17297363,7.35573,-0.0004141332,26.576887,0.033877432346343994,1900,3891200,7578.398388898,3891200
1000.0,862.4962352800001,583,0.031009864,0.35986328,7.3503146,0.0006145768,27.584879,0.0938117504119873,1910,3911680,7613.4070035330005,3911680
1000.0,858.73781797,577,0.024427976,0.28515625,7.3455033,-0.0014984164,28.675545,0.11281216144561768,1920,3932160,7648.385542456999,3932160
1000.0,863.8127704499999,579,0.02124481,0.26831055,7.347319,0.00012430188,28.920467,-0.0002834796905517578,1930,3952640,7683.319964732,3952640
1000.0,864.4847749800001,581,0.012986579,0.19482422,7.3252873,-0.0012212886,28.385874,0.0600089430809021,1940,3973120,7718.447055190998,3973120
1000.0,870.57108505,580,0.013379181,0.17944336,7.3012857,-0.002109583,29.85745,0.09490269422531128,1950,3993600,7753.496361474001,3993600
1000.0,881.2659833700001,578,0.018457795,0.24023438,7.265307,-0.0015972772,30.259197,0.06671613454818726,1960,4014080,7788.6453829189995,4014080
1000.0,888.6900568799999,577,0.018258803,0.2331543,7.240757,-0.0008654661,30.398169,0.047055184841156006,1970,4034560,7823.568828045001,4034560
1000.0,893.9289402099998,580,0.021034623,0.27148438,7.222553,0.00048347109,39.56003,0.03466689586639404,1980,4055040,7858.5266831929985,4055040
1000.0,901.8749141199999,579,0.02018432,0.27038574,7.1945443,0.0027443005,30.571749,0.02535802125930786,1990,4075520,7893.623494275998,4075520
1000.0,900.94928376,580,0.017922997,0.23278809,7.1944766,-0.0009826339,44.247746,0.031091690063476562,2000,4096000,7928.6181788819995,4096000
1000.0,903.6563522299999,592,0.02670157,0.33093262,7.1665225,-0.00085682084,30.64034,0.0604938268661499,2010,4116480,7963.446775086999,4116480
1000.0,904.2232728,582,0.014466852,0.20922852,7.1608906,-0.0037020529,33.449852,0.2610967755317688,2020,4136960,7998.123965496001,4136960
1000.0,909.27185794,581,0.021160496,0.27661133,7.1412687,0.00079816754,31.492008,0.03909730911254883,2030,4157440,8033.007187617,4157440
1000.0,911.6380003300001,572,0.014852227,0.21411133,7.127402,-0.0002529038,31.122747,0.032929837703704834,2040,4177920,8068.005435588999,4177920
1000.0,914.49214168,583,0.012547946,0.17333984,7.1590652,-0.0014805677,30.342052,0.04380595684051514,2050,4198400,8102.831554820001,4198400
1000.0,917.4969413399999,585,0.020120954,0.23828125,7.13594,0.0032200771,30.36365,-0.014145612716674805,2060,4218880,8137.6809998339995,4218880
1000.0,916.9985022000001,584,0.016241178,0.22607422,7.1027083,-0.0027038378,30.658257,0.03965193033218384,2070,4239360,8172.556175442998,4239360
1000.0,917.7507382299998,578,0.016050214,0.20532227,7.093365,0.0013444533,33.435757,0.0760621428489685,2080,4259840,8207.629339798,4259840
1000.0,920.67840574,579,0.015867552,0.21740723,7.0901995,-0.0020645726,32.127098,0.030254840850830078,2090,4280320,8242.626521295999,4280320
1000.0,924.16224213,586,0.01952124,0.26098633,7.074866,-0.00033797364,32.442593,0.06608778238296509,2100,4300800,8277.641559257001,4300800
1000.0,916.1749618599999,578,0.014286063,0.20507812,7.09809,-0.0014630535,33.48183,0.07000845670700073,2110,4321280,8312.738288067001,4321280
1000.0,922.50812454,580,0.01498026,0.22094727,7.0846243,-0.0026342063,33.128605,0.0647236704826355,2120,4341760,8347.702026152001,4341760
1000.0,926.20052885,588,0.027366068,0.33325195,7.133122,0.0013412297,33.072594,0.1467381715774536,2130,4362240,8382.603109767999,4362240
1000.0,926.8399507600001,584,0.011134619,0.16320801,7.135553,-0.0036037806,31.687489,0.06788486242294312,2140,4382720,8417.39261559,4382720
1000.0,925.9917420300001,590,0.013268659,0.19274902,7.1482377,-0.0022594857,32.904034,0.07760006189346313,2150,4403200,8452.181042025,4403200
1000.0,931.1125526200001,579,0.018158054,0.2290039,7.14354,-0.001640244,32.916348,0.06858038902282715,2160,4423680,8486.916011957,4423680
1000.0,920.60680185,584,0.014925087,0.20715332,7.135799,0.002786289,34.799595,0.23478370904922485,2170,4444160,8521.545501395001,4444160
1000.0,916.9925254199999,587,0.019582469,0.25793457,7.126687,0.0024022823,33.662212,0.0918651819229126,2180,4464640,8556.312826682999,4464640
1000.0,917.9564227000001,583,0.019462485,0.2503662,7.0995398,-0.0008698329,32.537563,0.06439459323883057,2190,4485120,8591.139485758998,4485120
1000.0,908.39551131,592,0.010727964,0.15588379,7.069981,-0.0018806689,30.259846,0.10065746307373047,2200,4505600,8625.865315955001,4505600
1000.0,892.09510321,590,0.018364985,0.24621582,7.084035,-0.0015686202,29.84531,0.09066540002822876,2210,4526080,8660.451745354,4526080
1000.0,884.1945754199999,584,0.02575297,0.3375244,7.081803,0.0075462386,30.855013,0.09987246990203857,2220,4546560,8695.194810139,4546560
1000.0,876.6645748799998,580,0.018040085,0.25048828,7.0599074,-0.0015250264,39.760426,0.07392352819442749,2230,4567040,8729.711967612999,4567040
1000.0,870.48458603,585,0.028208433,0.3206787,7.0217075,0.0054930304,31.500885,0.06495505571365356,2240,4587520,8764.402680455001,4587520
1000.0,890.8522811999999,586,0.023026146,0.27868652,7.005178,-0.003341434,45.835953,0.0606343150138855,2250,4608000,8799.26752565,4608000
1000.0,903.8087485199999,581,0.016267633,0.23266602,6.9870434,-0.0010365426,31.379902,0.09173297882080078,2260,4628480,8834.162220204998,4628480
1000.0,916.7593919199999,579,0.01182422,0.16906738,6.983818,-0.0025676605,32.409584,0.04902040958404541,2270,4648960,8869.231554013,4648960
1000.0,923.1130864900001,580,0.021588502,0.26757812,6.989303,0.004295395,31.242353,0.06608402729034424,2280,4669440,8904.082976843001,4669440
1000.0,926.04454668,582,0.016721638,0.22265625,6.980307,0.00047665252,34.881363,0.04792410135269165,2290,4689920,8939.108280707998,4689920
1000.0,932.6218693400001,581,0.01404266,0.17883301,6.9761343,0.0019496728,34.05126,0.039900124073028564,2300,4710400,8974.034230632999,4710400
1000.0,930.1566966700001,581,0.012297001,0.17468262,6.9585176,-0.0014137826,34.480366,0.07817137241363525,2310,4730880,9008.773760541,4730880
1000.0,934.7509550799998,581,0.020715598,0.27111816,6.962965,-0.0031289826,33.209988,0.06640315055847168,2320,4751360,9043.739150721998,4751360
1000.0,942.40846006,588,0.017259318,0.2290039,6.9383407,-7.455025e-05,35.031303,0.08992093801498413,2330,4771840,9078.395352885,4771840
1000.0,946.9985606100001,584,0.019773703,0.27478027,6.9403386,-0.0032138336,35.787205,0.019473612308502197,2340,4792320,9113.324426838,4792320
1000.0,949.94742165,579,0.020974658,0.24743652,6.942231,-0.0030204433,35.541637,0.05196964740753174,2350,4812800,9148.099711281,4812800
1000.0,963.47061996,581,0.015357208,0.17602539,6.956852,-0.003192855,35.40539,0.05536109209060669,2360,4833280,9183.058055967002,4833280
1000.0,967.0626774600001,577,0.025087226,0.32177734,6.952847,-0.0025517675,35.73883,0.04568970203399658,2370,4853760,9217.986315195998,4853760
1000.0,968.7459765099999,566,0.04380759,0.39782715,6.953953,0.010657288,34.364635,0.07614487409591675,2380,4874240,9253.030827905,4874240
1000.0,973.5196006499999,584,0.015289059,0.19995117,6.9447694,0.001875423,34.97534,0.053843140602111816,2390,4894720,9288.024795744,4894720
1000.0,972.0231260899999,582,0.023914589,0.2947998,6.958099,-0.005517655,36.043396,0.02713412046432495,2400,4915200,9323.017669668,4915200
1000.0,969.7630128899999,586,0.01850221,0.2590332,6.95575,-0.0015303141,36.175617,0.07704347372055054,2410,4935680,9357.833154036001,4935680
1000.0,969.4483430999999,577,0.017220944,0.2446289,6.972638,0.00027569715,35.419376,0.06299197673797607,2420,4956160,9392.665321525,4956160
1000.0,963.7397367699999,582,0.011705505,0.1763916,6.9652076,-0.0017502257,34.072662,0.05544459819793701,2430,4976640,9427.475792502999,4976640
1000.0,954.6193197800001,588,0.024731275,0.30029297,6.9541264,-0.005982369,37.606155,0.24984973669052124,2440,4997120,9462.189590671998,4997120
