Iteration,State 1,State 2,State 3,State 4,State 5,State 6,Seed,gen,eval,bestfit,bestgfit,centroid,bestsam,avg,weightsize,runtime
13119.0,1.944,-1.215,0.10472000000000001,0.135088,0.05236,0.135088,545515,795,100127550,88.00,88.00,80.00,86.00,68.55,0.31,259.74
9880.0,0.972,-1.215,0.10472,-0.135088,-0.05236,-0.135088,121514,1065,100101100,74.00,74.00,58.00,71.00,50.27,0.34,258.85
9068.0,0.0,1.215,0.0,0.0,0.05236,0.06754400000000002,443353,658,100086600,197.00,197.00,109.00,115.00,81.45,0.28,266.49
7932.0,0.0,0.0,0.052360000000000004,0.0,-0.05236,0.0,323433,763,100001700,86.00,86.00,80.00,85.00,71.05,0.30,329.76
4700.0,-0.972,0.0,0.0,0.06754400000000002,-0.10472000000000001,-0.135088,114332,1366,100013000,37.00,37.00,37.00,37.00,36.15,0.42,380.59
8922.0,0.0,1.215,-0.05236,-0.067544,0.10472,0.0,352253,1521,100037350,31.00,31.00,31.00,31.00,30.40,0.37,338.74
9467.0,0.972,-1.215,-0.10472000000000001,0.06754400000000002,0.05236,0.0,344114,939,100041900,67.00,67.00,64.00,65.00,60.55,0.35,357.69
6641.0,0.0,-1.215,0.052360000000000004,-0.135088,0.052360000000000004,-0.067544,241413,570,100120700,203.00,203.00,100.00,131.00,86.95,0.30,382.03
7705.0,0.0,0.0,-0.052360000000000004,0.06754400000000002,-0.052360000000000004,-0.135088,124233,610,100034250,183.00,183.00,110.00,120.00,85.65,0.27,402.04
11009.0,0.972,0.0,0.052360000000000004,-0.135088,-0.05236,0.135088,521434,634,100018850,106.00,106.00,100.00,103.00,81.10,0.27,360.05
12546.0,1.944,-1.215,-0.10472000000000001,-0.067544,0.10472000000000001,-0.067544,252115,1398,100027350,39.00,39.00,38.00,39.00,36.70,0.46,459.62
4837.0,-0.972,0.0,0.052360000000000004,0.06754400000000002,0.0,0.0,334432,681,100139450,111.00,111.00,105.00,108.00,80.10,0.28,467.74
4252.0,-0.972,-0.6075,0.10472000000000001,-0.135088,-0.10472000000000001,0.0,311522,1120,100114200,76.00,76.00,57.00,68.00,55.17,0.40,464.14
15475.0,1.944,1.215,0.052360000000000004,0.135088,-0.10472,-0.135088,115455,1797,100010250,26.00,26.00,26.00,26.00,26.00,0.31,483.77
3220.0,-0.972,-1.215,-0.10472000000000001,0.06754400000000002,0.10472000000000001,-0.135088,154112,1263,100036300,39.00,39.00,39.00,39.00,38.25,0.37,485.24
9502.0,0.972,-1.215,-0.05236,-0.135088,-0.10472,0.0,311214,578,100004550,133.00,133.00,103.00,105.00,85.15,0.29,461.92
4858.0,-0.972,0.0,0.05236,0.135088,-0.052360000000000004,0.06754400000000002,425432,793,100101600,90.00,90.00,77.00,85.00,74.88,0.35,481.75
11247.0,0.972,0.0,0.10472,0.135088,0.10472,0.0,355534,800,100083950,119.00,119.00,91.00,95.00,74.97,0.29,479.83
3233.0,-0.972,-1.215,-0.10472000000000001,0.135088,-0.052360000000000004,0.06754400000000002,425112,1021,100006350,50.00,50.00,49.00,49.00,48.60,0.38,469.65
10787.0,0.972,0.0,-0.05236,-0.067544,0.0,0.0,332234,658,100073500,111.00,111.00,85.00,99.00,75.03,0.30,475.55
5848.0,-0.972,1.215,-0.052360000000000004,0.06754400000000002,0.10472000000000001,0.06754400000000002,454252,902,100074850,86.00,86.00,80.00,83.00,71.50,0.35,480.58
7649.0,0.0,0.0,-0.05236,-0.135088,0.10472,0.135088,551233,1385,100059750,40.00,40.00,40.00,40.00,38.77,0.44,498.09
5260.0,-0.972,0.6075000000000002,0.0,-0.135088,0.0,-0.135088,131342,618,100171100,178.00,178.00,125.00,120.00,84.53,0.31,476.94
4307.0,-0.972,-0.6075,0.10472,0.0,-0.05236,0.0,323522,948,100109550,82.00,82.00,79.00,80.00,72.53,0.35,476.39
11107.0,0.972,0.0,0.05236,0.135088,-0.052360000000000004,0.0,325434,960,100021550,59.00,59.00,57.00,57.00,52.10,0.38,480.25
14755.0,1.944,0.6075000000000002,0.052360000000000004,-0.135088,-0.05236,-0.135088,121445,1206,100068500,41.00,41.00,40.00,40.00,39.65,0.34,476.70
11535.0,0.972,0.6075000000000002,0.0,-0.067544,0.0,-0.135088,132344,804,100009700,96.00,96.00,94.00,76.00,62.65,0.31,463.84
11044.0,0.972,0.0,0.052360000000000004,-0.067544,0.052360000000000004,0.135088,542434,685,100169900,183.00,183.00,101.00,136.00,88.65,0.28,474.52
8120.0,0.0,0.0,0.10472000000000001,0.135088,0.10472000000000001,-0.135088,155533,781,100014750,86.00,86.00,83.00,85.00,71.55,0.31,491.76
2857.0,-1.944,1.215,0.0,0.135088,-0.05236,0.0,325351,666,100124850,118.00,118.00,93.00,96.00,78.17,0.32,472.24
378.0,-1.944,-1.215,0.05236,-0.135088,-0.10472000000000001,0.06754400000000002,411411,1921,100010500,30.00,30.00,29.00,30.00,26.18,0.46,491.66
1846.0,-1.944,0.0,0.10472,0.06754400000000002,0.10472,-0.067544,254531,755,100000050,119.00,119.00,93.00,115.00,79.40,0.31,468.72
2476.0,-1.944,0.6075000000000002,0.10472000000000001,0.135088,-0.10472000000000001,-0.067544,215541,1626,100041900,30.00,30.00,30.00,30.00,30.00,0.37,488.36
2074.0,-1.944,0.6075000000000002,-0.05236,0.0,0.10472,0.135088,553241,1450,100008100,34.00,34.00,34.00,34.00,33.65,0.42,481.97
7943.0,0.0,0.0,0.05236,0.0,0.05236,0.06754400000000002,443433,636,100102500,167.00,167.00,90.00,136.00,84.95,0.29,459.65
8071.0,0.0,0.0,0.10472,0.0,0.10472,-0.067544,253533,639,100172800,161.00,161.00,106.00,106.00,87.83,0.31,468.44
954.0,-1.944,-0.6075,0.0,0.06754400000000002,-0.10472000000000001,0.135088,514321,673,100059950,171.00,171.00,89.00,115.00,81.28,0.28,470.41
1666.0,-1.944,0.0,0.052360000000000004,-0.067544,0.052360000000000004,-0.067544,242431,589,100000700,185.00,185.00,99.00,131.00,81.47,0.29,464.41
14515.0,1.944,0.6075000000000002,-0.052360000000000004,-0.135088,0.05236,-0.135088,141245,767,100057000,112.00,112.00,86.00,103.00,71.95,0.30,475.71
9613.0,0.972,-1.215,-0.05236,0.135088,0.0,0.06754400000000002,435214,607,100184300,115.00,115.00,109.00,111.00,85.80,0.29,460.44
10790.0,0.972,0.0,-0.052360000000000004,-0.067544,0.05236,-0.135088,142234,683,100012100,101.00,101.00,92.00,91.00,74.17,0.33,466.23
6592.0,0.0,-1.215,0.0,0.06754400000000002,0.052360000000000004,0.0,344313,633,100021100,189.00,189.00,108.00,149.00,93.60,0.27,463.33
1537.0,-1.944,0.0,0.0,-0.067544,0.0,0.0,332331,654,100030100,130.00,130.00,93.00,104.00,79.28,0.29,467.30
3714.0,-0.972,-1.215,0.10472,0.06754400000000002,0.0,0.135088,534512,807,100108550,131.00,131.00,87.00,122.00,77.97,0.33,488.32
96.0,-1.944,-1.215,-0.10472000000000001,0.06754400000000002,0.10472000000000001,-0.067544,254111,1792,100036800,27.00,27.00,27.00,27.00,26.48,0.42,502.30
787.0,-1.944,-0.6075,-0.05236,-0.067544,0.0,0.0,332221,1233,100078950,39.00,39.00,38.00,39.00,38.02,0.35,477.70
9957.0,0.972,-1.215,0.10472000000000001,0.06754400000000002,-0.052360000000000004,0.0,324514,1109,100039850,60.00,60.00,58.00,60.00,51.45,0.41,490.57
3944.0,-0.972,-0.6075,-0.05236,0.0,0.052360000000000004,0.135088,543222,995,100042000,54.00,54.00,53.00,53.00,50.08,0.38,485.30
12047.0,0.972,1.215,-0.052360000000000004,-0.067544,0.10472000000000001,0.0,352254,1148,100071200,82.00,82.00,56.00,78.00,53.00,0.40,490.43
7481.0,0.0,-0.6075,0.10472,0.135088,-0.05236,-0.067544,225523,1279,100018250,43.00,43.00,42.00,43.00,40.48,0.43,492.56
4662.0,-0.972,0.0,0.0,-0.067544,0.0,0.0,332332,619,100155700,159.00,159.00,102.00,117.00,86.33,0.28,472.10
10628.0,0.972,0.0,-0.10472,-0.135088,-0.10472,0.06754400000000002,411134,764,100097750,94.00,94.00,91.00,93.00,75.62,0.30,485.16
1082.0,-1.944,-0.6075,0.05236,0.06754400000000002,-0.052360000000000004,0.0,324421,825,100127750,115.00,115.00,93.00,106.00,72.83,0.29,481.04
13308.0,1.944,-0.6075,-0.05236,0.0,-0.05236,0.06754400000000002,423225,623,100029400,157.00,157.00,119.00,99.00,78.53,0.25,461.60
13821.0,1.944,0.0,-0.10472000000000001,0.0,0.10472000000000001,-0.067544,253135,1276,100046500,54.00,54.00,46.00,52.00,42.05,0.44,496.00
7152.0,0.0,-0.6075,0.0,-0.067544,-0.10472,0.0,312323,1176,100082550,42.00,42.00,41.00,42.00,40.92,0.36,478.13
584.0,-1.944,-1.215,0.10472000000000001,0.06754400000000002,-0.052360000000000004,0.135088,524511,1289,100009650,50.00,50.00,47.00,49.00,41.85,0.44,478.67
10332.0,0.972,-0.6075,0.0,0.06754400000000002,-0.05236,0.0,324324,722,100031800,117.00,117.00,96.00,103.00,76.20,0.29,473.62
5726.0,-0.972,1.215,-0.10472000000000001,0.135088,-0.10472000000000001,-0.067544,215152,631,100083650,136.00,136.00,91.00,115.00,81.38,0.29,468.78
11613.0,0.972,0.6075000000000002,0.0,0.135088,0.0,0.06754400000000002,435344,695,100161900,163.00,163.00,85.00,105.00,80.50,0.30,467.55
12560.0,1.944,-1.215,-0.10472000000000001,0.0,0.0,-0.135088,133115,722,100099000,99.00,99.00,86.00,88.00,75.53,0.33,469.10
8739.0,0.0,0.6075000000000002,0.10472,0.135088,0.0,0.135088,535543,984,100013150,62.00,62.00,61.00,61.00,56.70,0.36,480.63
5598.0,-0.972,0.6075000000000002,0.10472000000000001,0.06754400000000002,0.10472000000000001,0.06754400000000002,454542,651,100107100,117.00,117.00,102.00,103.00,81.12,0.26,469.99
2321.0,-1.944,0.6075000000000002,0.052360000000000004,0.0,0.10472,-0.067544,253441,591,100008850,235.00,235.00,108.00,114.00,82.78,0.30,458.43
9820.0,0.972,-1.215,0.05236,0.0,0.10472000000000001,-0.135088,153414,587,100118550,178.00,178.00,118.00,122.00,86.78,0.28,465.18
10350.0,0.972,-0.6075,0.0,0.135088,-0.10472,-0.135088,115324,1032,100027550,65.00,65.00,60.00,64.00,52.62,0.35,475.81
4214.0,-0.972,-0.6075,0.05236,0.06754400000000002,0.0,0.135088,534422,631,100120700,155.00,155.00,94.00,111.00,78.28,0.30,467.13
7782.0,0.0,0.0,0.0,-0.067544,-0.05236,0.0,322333,624,100088200,192.00,192.00,110.00,125.00,86.50,0.27,464.46
10623.0,0.972,-0.6075,0.10472000000000001,0.135088,0.10472000000000001,0.06754400000000002,455524,648,100085800,100.00,100.00,89.00,89.00,77.55,0.30,474.24
6767.0,0.0,-1.215,0.10472,-0.135088,0.052360000000000004,0.0,341513,616,100131550,181.00,181.00,99.00,108.00,79.80,0.31,460.45
7317.0,0.0,-0.6075,0.05236,0.0,0.05236,0.0,343423,615,100169650,178.00,178.00,118.00,118.00,87.78,0.30,455.10
12684.0,1.944,-1.215,-0.05236,0.0,-0.05236,0.135088,523215,644,100053300,114.00,114.00,103.00,103.00,82.53,0.28,469.15
13818.0,1.944,0.0,-0.10472000000000001,0.0,0.05236,0.06754400000000002,443135,1060,100012800,83.00,83.00,62.00,81.00,60.25,0.41,479.24
7646.0,0.0,0.0,-0.05236,-0.135088,0.10472,-0.067544,251233,1098,100093350,58.00,58.00,54.00,56.00,46.62,0.34,489.31
6367.0,0.0,-1.215,-0.10472000000000001,0.135088,0.05236,0.0,345113,933,100047100,62.00,62.00,59.00,60.00,55.62,0.36,480.15
146.0,-1.944,-1.215,-0.05236,-0.135088,0.10472,-0.067544,251211,1801,100020900,27.00,27.00,26.00,26.00,26.00,0.30,491.08
2423.0,-1.944,0.6075000000000002,0.10472000000000001,-0.067544,0.10472000000000001,0.06754400000000002,452541,765,100166350,176.00,176.00,107.00,108.00,78.22,0.29,467.16
8508.0,0.0,0.6075000000000002,0.052360000000000004,-0.135088,-0.05236,0.06754400000000002,421443,624,100040850,105.00,105.00,93.00,100.00,72.30,0.28,480.45
12160.0,0.972,1.215,0.0,-0.067544,0.0,-0.135088,132354,679,100074150,174.00,174.00,102.00,142.00,78.03,0.31,471.71
4770.0,-0.972,0.0,0.052360000000000004,-0.135088,0.10472,-0.135088,151432,620,100063950,123.00,123.00,108.00,116.00,77.60,0.27,471.21
3302.0,-0.972,-1.215,-0.052360000000000004,0.0,-0.10472000000000001,0.0,313212,634,100157750,213.00,213.00,95.00,114.00,83.95,0.30,457.92
12475.0,0.972,1.215,0.10472,0.135088,-0.10472,-0.135088,115554,1661,100032900,29.00,29.00,29.00,29.00,28.98,0.38,488.07
1031.0,-1.944,-0.6075,0.05236,-0.067544,-0.052360000000000004,-0.067544,222421,785,100143900,167.00,167.00,107.00,120.00,80.60,0.30,468.99
3245.0,-0.972,-1.215,-0.10472,0.135088,0.10472,-0.135088,155112,1221,100007500,41.00,41.00,40.00,41.00,39.75,0.35,482.46
6255.0,0.0,-1.215,-0.10472000000000001,-0.135088,-0.052360000000000004,-0.135088,121113,839,100120750,114.00,114.00,71.00,75.00,57.35,0.35,483.59
8597.0,0.0,0.6075000000000002,0.052360000000000004,0.06754400000000002,0.10472,0.0,354443,641,100131950,142.00,142.00,121.00,121.00,85.65,0.28,464.73
6302.0,0.0,-1.215,-0.10472000000000001,0.0,-0.10472000000000001,0.0,313113,682,100140550,159.00,159.00,79.00,98.00,73.78,0.28,465.95
13390.0,1.944,-0.6075,0.0,-0.135088,0.052360000000000004,-0.135088,141325,598,100125700,140.00,140.00,105.00,133.00,87.72,0.29,470.48
5187.0,-0.972,0.6075000000000002,-0.052360000000000004,0.0,0.0,0.0,333242,624,100156250,124.00,124.00,106.00,104.00,85.15,0.32,461.44
6682.0,0.0,-1.215,0.052360000000000004,0.0,-0.05236,0.0,323413,800,100127200,92.00,92.00,79.00,85.00,68.45,0.32,468.28
14712.0,1.944,0.6075000000000002,0.0,0.06754400000000002,0.0,0.0,334345,1026,100023050,51.00,51.00,49.00,50.00,46.27,0.35,478.20
5807.0,-0.972,1.215,-0.05236,0.0,-0.05236,0.0,323252,583,100027850,190.00,190.00,113.00,117.00,87.95,0.30,472.98
4870.0,-0.972,0.0,0.05236,0.135088,0.10472000000000001,-0.135088,155432,655,100072950,129.00,129.00,108.00,104.00,81.17,0.24,472.67
12457.0,0.972,1.215,0.10472,0.06754400000000002,-0.05236,0.0,324554,1301,100002500,37.00,37.00,37.00,37.00,36.65,0.39,491.87
4383.0,-0.972,0.0,-0.10472000000000001,-0.135088,-0.052360000000000004,0.06754400000000002,421132,935,100044250,67.00,67.00,57.00,64.00,55.02,0.37,485.05
12480.0,0.972,1.215,0.10472,0.135088,-0.05236,-0.135088,125554,1473,100022450,34.00,34.00,34.00,34.00,33.92,0.40,486.93
10621.0,0.972,-0.6075,0.10472000000000001,0.135088,0.10472000000000001,-0.067544,255524,726,100048900,95.00,95.00,84.00,86.00,67.10,0.29,474.48
1778.0,-1.944,0.0,0.10472,-0.067544,-0.10472,0.06754400000000002,412531,1068,100040550,71.00,71.00,61.00,69.00,55.58,0.42,478.65
6324.0,0.0,-1.215,-0.10472000000000001,0.0,0.10472000000000001,0.135088,553113,1479,100065950,35.00,35.00,34.00,35.00,33.92,0.47,491.56
10110.0,0.972,-0.6075,-0.10472,0.135088,0.0,-0.135088,135124,651,100161500,102.00,102.00,91.00,100.00,83.53,0.28,480.28
11610.0,0.972,0.6075000000000002,0.0,0.135088,0.0,-0.135088,135344,712,100075000,203.00,203.00,93.00,147.00,86.80,0.34,473.40
3397.0,-0.972,-1.215,0.0,-0.135088,0.10472,0.0,351312,1123,100071050,44.00,44.00,43.00,43.00,42.73,0.38,490.63
452.0,-1.944,-1.215,0.05236,0.06754400000000002,-0.10472000000000001,0.0,314411,1885,100002150,29.00,29.00,28.00,28.00,26.57,0.53,484.43
4048.0,-0.972,-0.6075,0.0,-0.067544,0.10472,0.06754400000000002,452322,1349,100068400,35.00,35.00,35.00,35.00,34.92,0.36,479.92
7685.0,0.0,0.0,-0.052360000000000004,0.0,0.0,-0.135088,133233,600,100023650,126.00,126.00,107.00,108.00,79.55,0.27,469.93
4509.0,-0.972,0.0,-0.05236,-0.135088,-0.05236,0.135088,521232,737,100072050,114.00,114.00,83.00,102.00,73.90,0.32,472.30
10602.0,0.972,-0.6075,0.10472000000000001,0.135088,-0.10472000000000001,0.0,315524,1524,100042200,32.00,32.00,32.00,32.00,32.00,0.43,485.18
2271.0,-1.944,0.6075000000000002,0.052360000000000004,-0.135088,0.10472,-0.067544,251441,688,100157900,114.00,114.00,99.00,106.00,86.95,0.32,473.38
10400.0,0.972,-0.6075,0.05236,-0.067544,-0.10472000000000001,-0.135088,112424,913,100016250,70.00,70.00,68.00,70.00,62.40,0.37,483.54
9825.0,0.972,-1.215,0.052360000000000004,0.06754400000000002,-0.10472,-0.135088,114414,1176,100013800,58.00,58.00,57.00,58.00,52.20,0.43,489.59
6775.0,0.0,-1.215,0.10472000000000001,-0.067544,-0.10472000000000001,-0.135088,112513,1387,100015550,40.00,40.00,39.00,40.00,37.65,0.40,482.86
11566.0,0.972,0.6075000000000002,0.0,0.0,0.052360000000000004,-0.067544,243344,610,100098950,194.00,194.00,153.00,113.00,83.95,0.31,470.39
8532.0,0.0,0.6075000000000002,0.05236,-0.067544,-0.052360000000000004,0.0,322443,711,100005600,102.00,102.00,98.00,100.00,75.92,0.37,472.57
4380.0,-0.972,0.0,-0.10472,-0.135088,-0.05236,-0.135088,121132,798,100095450,139.00,139.00,81.00,93.00,68.03,0.31,473.99
2411.0,-1.944,0.6075000000000002,0.10472000000000001,-0.067544,0.0,-0.067544,232541,759,100129350,92.00,92.00,88.00,89.00,77.85,0.29,469.45
8317.0,0.0,0.6075000000000002,-0.05236,0.0,0.052360000000000004,0.0,343243,725,100025550,97.00,97.00,91.00,94.00,79.85,0.30,472.19
6174.0,-0.972,1.215,0.10472000000000001,-0.067544,0.10472000000000001,0.135088,552552,597,100007650,122.00,122.00,101.00,110.00,82.58,0.29,462.84
3241.0,-0.972,-1.215,-0.10472,0.135088,0.052360000000000004,-0.067544,245112,1120,100062450,44.00,44.00,44.00,44.00,43.40,0.31,483.39
7710.0,0.0,0.0,-0.052360000000000004,0.06754400000000002,0.0,-0.135088,134233,602,100041500,182.00,182.00,106.00,105.00,80.25,0.27,474.81
5991.0,-0.972,1.215,0.0,0.135088,0.052360000000000004,-0.067544,245352,620,100069500,125.00,125.00,115.00,121.00,87.12,0.29,465.00
3357.0,-0.972,-1.215,-0.052360000000000004,0.135088,-0.052360000000000004,0.0,325212,601,100163250,216.00,216.00,118.00,126.00,84.38,0.28,458.28
7402.0,0.0,-0.6075,0.10472,-0.067544,-0.10472,0.0,312523,1114,100034250,58.00,58.00,54.00,57.00,50.38,0.39,481.71
10051.0,0.972,-0.6075,-0.10472000000000001,0.0,-0.10472000000000001,-0.067544,213124,596,100140950,144.00,144.00,105.00,108.00,84.25,0.30,461.05
4251.0,-0.972,-0.6075,0.10472,-0.135088,-0.10472,-0.067544,211522,1130,100027700,63.00,63.00,58.00,62.00,49.12,0.39,480.36
5115.0,-0.972,0.6075000000000002,-0.10472000000000001,0.135088,0.05236,-0.135088,145142,823,100111700,167.00,167.00,98.00,106.00,81.20,0.32,473.55
8978.0,0.0,1.215,-0.05236,0.135088,-0.10472,0.06754400000000002,415253,650,100105150,131.00,131.00,90.00,100.00,79.50,0.34,468.56
5965.0,-0.972,1.215,0.0,0.06754400000000002,0.05236,-0.135088,144352,585,100024800,128.00,128.00,100.00,111.00,91.38,0.30,459.89
12026.0,0.972,1.215,-0.05236,-0.067544,-0.10472,-0.067544,212254,661,100059900,224.00,224.00,101.00,133.00,81.88,0.31,471.26
10410.0,0.972,-0.6075,0.05236,-0.067544,0.0,-0.135088,132424,635,100122200,110.00,110.00,99.00,99.00,82.12,0.30,473.20
9079.0,0.0,1.215,0.0,0.06754400000000002,-0.10472,0.135088,514353,826,100114500,102.00,102.00,75.00,82.00,66.70,0.31,473.15
4645.0,-0.972,0.0,0.0,-0.135088,0.10472000000000001,-0.135088,151332,769,100132600,85.00,85.00,79.00,82.00,68.95,0.37,475.78
14503.0,1.944,0.6075000000000002,-0.05236,-0.135088,-0.10472,0.06754400000000002,411245,660,100033450,183.00,183.00,105.00,112.00,80.97,0.30,466.18
9351.0,0.0,1.215,0.10472000000000001,0.135088,-0.10472000000000001,-0.067544,215553,1650,100051300,30.00,30.00,30.00,30.00,29.88,0.41,500.20
13851.0,1.944,0.0,-0.10472,0.135088,-0.10472,-0.067544,215135,700,100036700,178.00,178.00,92.00,117.00,82.33,0.30,474.03
10541.0,0.972,-0.6075,0.10472000000000001,-0.067544,0.05236,-0.067544,242524,715,100068150,91.00,91.00,86.00,87.00,77.45,0.31,466.63
8009.0,0.0,0.0,0.10472,-0.135088,-0.05236,0.135088,521533,763,100047350,82.00,82.00,80.00,82.00,71.30,0.31,466.91
14007.0,1.944,0.0,0.0,-0.135088,-0.052360000000000004,0.0,321335,620,100088750,205.00,205.00,119.00,134.00,82.53,0.27,470.18
3533.0,-0.972,-1.215,0.052360000000000004,-0.067544,-0.05236,0.06754400000000002,422412,678,100093650,173.00,173.00,101.00,116.00,85.88,0.30,466.42
12104.0,0.972,1.215,-0.052360000000000004,0.135088,-0.10472000000000001,0.135088,515254,807,100032800,185.00,185.00,88.00,88.00,63.98,0.33,477.08
15188.0,1.944,1.215,-0.05236,0.0,0.0,0.06754400000000002,433255,1389,100057450,57.00,57.00,53.00,56.00,45.38,0.41,485.73
10438.0,0.972,-0.6075,0.05236,0.0,0.0,0.06754400000000002,433424,637,100062550,120.00,120.00,92.00,108.00,82.05,0.30,476.97
7654.0,0.0,0.0,-0.05236,-0.067544,-0.10472,0.135088,512233,621,100020100,153.00,153.00,109.00,104.00,81.72,0.29,478.65
3030.0,-1.944,1.215,0.10472000000000001,-0.067544,-0.052360000000000004,-0.135088,122551,984,100022450,67.00,67.00,66.00,67.00,57.52,0.37,480.18
3288.0,-0.972,-1.215,-0.05236,-0.067544,0.0,0.06754400000000002,432212,1038,100055900,50.00,50.00,48.00,49.00,45.10,0.36,471.31
15033.0,1.944,1.215,-0.10472000000000001,-0.067544,-0.052360000000000004,0.06754400000000002,422155,922,100014350,127.00,127.00,87.00,92.00,70.22,0.32,480.33
12458.0,0.972,1.215,0.10472,0.06754400000000002,-0.05236,0.06754400000000002,424554,1307,100050350,38.00,38.00,37.00,37.00,36.90,0.39,492.74
2309.0,-1.944,0.6075000000000002,0.05236,0.0,-0.052360000000000004,0.135088,523441,715,100113800,105.00,105.00,102.00,103.00,78.88,0.29,474.60
3360.0,-0.972,-1.215,-0.05236,0.135088,0.0,-0.135088,135212,696,100164950,206.00,206.00,113.00,128.00,77.80,0.30,471.04
13780.0,1.944,0.0,-0.10472000000000001,-0.067544,-0.052360000000000004,-0.135088,122135,675,100055100,120.00,120.00,110.00,114.00,82.22,0.30,471.75
14447.0,1.944,0.6075000000000002,-0.10472,0.0,0.10472,0.0,353145,1362,100018450,42.00,42.00,40.00,41.00,37.45,0.42,484.41
1125.0,-1.944,-0.6075,0.10472000000000001,-0.135088,-0.10472000000000001,-0.135088,111521,1165,100019350,58.00,58.00,57.00,58.00,54.30,0.41,488.07
2265.0,-1.944,0.6075000000000002,0.052360000000000004,-0.135088,0.052360000000000004,-0.135088,141441,670,100158650,187.00,187.00,119.00,118.00,84.08,0.30,466.32
8546.0,0.0,0.6075000000000002,0.05236,-0.067544,0.10472000000000001,-0.067544,252443,581,100043850,184.00,184.00,128.00,171.00,91.28,0.30,463.42
2117.0,-1.944,0.6075000000000002,-0.05236,0.135088,0.052360000000000004,0.0,345241,1138,100054350,42.00,42.00,42.00,42.00,41.62,0.36,470.14
4058.0,-0.972,-0.6075,0.0,0.0,-0.052360000000000004,0.06754400000000002,423322,620,100065500,233.00,233.00,135.00,122.00,84.67,0.29,463.21
1506.0,-1.944,0.0,0.0,-0.135088,-0.05236,-0.067544,221331,614,100038000,191.00,191.00,111.00,115.00,83.70,0.27,462.55
14051.0,1.944,0.0,0.0,0.0,-0.10472000000000001,-0.067544,213335,1002,100035900,56.00,56.00,54.00,55.00,50.42,0.37,467.72
1161.0,-1.944,-0.6075,0.10472,-0.067544,0.0,-0.067544,232521,749,100135450,116.00,116.00,96.00,109.00,77.53,0.31,468.58
11383.0,0.972,0.6075000000000002,-0.052360000000000004,-0.135088,-0.052360000000000004,0.06754400000000002,421244,653,100000750,126.00,126.00,88.00,113.00,83.80,0.30,477.06
6693.0,0.0,-1.215,0.052360000000000004,0.0,0.052360000000000004,0.06754400000000002,443413,591,100085850,183.00,183.00,85.00,130.00,81.30,0.30,471.58
7179.0,0.0,-0.6075,0.0,0.0,-0.10472000000000001,0.135088,513323,689,100151850,140.00,140.00,121.00,123.00,83.67,0.31,467.39
7971.0,0.0,0.0,0.052360000000000004,0.06754400000000002,0.10472,-0.067544,254433,592,100050450,159.00,159.00,92.00,109.00,82.53,0.27,456.90
13847.0,1.944,0.0,-0.10472000000000001,0.06754400000000002,0.10472000000000001,0.0,354135,1158,100007350,59.00,59.00,48.00,53.00,42.52,0.38,491.77
4636.0,-0.972,0.0,0.0,-0.135088,0.0,-0.067544,231332,621,100160150,130.00,130.00,122.00,114.00,83.90,0.28,463.41
10041.0,0.972,-0.6075,-0.10472000000000001,-0.067544,0.05236,-0.067544,242124,1001,100075200,65.00,65.00,64.00,65.00,62.15,0.37,489.10
10196.0,0.972,-0.6075,-0.05236,0.0,0.10472,-0.067544,253224,866,100147400,81.00,81.00,76.00,80.00,71.17,0.32,481.45
13306.0,1.944,-0.6075,-0.052360000000000004,0.0,-0.052360000000000004,-0.067544,223225,661,100100750,179.00,179.00,102.00,116.00,83.58,0.28,474.43
10821.0,0.972,0.0,-0.05236,0.0,0.10472,-0.067544,253234,863,100027150,86.00,86.00,79.00,81.00,69.72,0.33,482.76
6085.0,-0.972,1.215,0.05236,0.06754400000000002,0.0,-0.135088,134452,767,100011300,105.00,105.00,79.00,84.00,71.10,0.33,479.55
194.0,-1.944,-1.215,-0.05236,0.0,0.052360000000000004,0.135088,543211,1621,100042950,30.00,30.00,29.00,29.00,28.98,0.34,487.75
1755.0,-1.944,0.0,0.10472000000000001,-0.135088,-0.052360000000000004,-0.135088,121531,1069,100108900,91.00,91.00,59.00,72.00,53.10,0.35,496.09
5070.0,-0.972,0.6075000000000002,-0.10472,0.0,0.10472,-0.135088,153142,1136,100067100,51.00,51.00,51.00,51.00,48.33,0.39,496.36
1412.0,-1.944,0.0,-0.052360000000000004,-0.067544,0.0,0.0,332231,985,100029200,59.00,59.00,53.00,57.00,51.20,0.33,479.36
3792.0,-0.972,-0.6075,-0.10472,-0.067544,0.052360000000000004,0.0,342122,1253,100025050,42.00,42.00,41.00,42.00,41.23,0.41,493.33
8885.0,0.0,1.215,-0.052360000000000004,-0.135088,0.0,-0.135088,131253,649,100013550,140.00,140.00,95.00,115.00,85.90,0.32,476.83
66.0,-1.944,-1.215,-0.10472,0.0,0.052360000000000004,-0.067544,243111,1756,100047800,27.00,27.00,27.00,27.00,26.80,0.35,487.80
13266.0,1.944,-0.6075,-0.052360000000000004,-0.135088,0.05236,-0.067544,241225,817,100097800,88.00,88.00,83.00,84.00,71.83,0.31,478.24
13786.0,1.944,0.0,-0.10472,-0.067544,0.0,-0.067544,232135,789,100068750,101.00,101.00,93.00,96.00,75.58,0.34,481.42
745.0,-1.944,-0.6075,-0.10472000000000001,0.135088,0.10472000000000001,-0.135088,155121,1402,100000250,34.00,34.00,34.00,34.00,33.67,0.35,487.49
13853.0,1.944,0.0,-0.10472,0.135088,-0.10472,0.06754400000000002,415135,593,100103950,180.00,180.00,94.00,117.00,79.10,0.29,465.27
4791.0,-0.972,0.0,0.05236,-0.067544,0.05236,-0.067544,242432,597,100040150,168.00,168.00,94.00,116.00,80.05,0.27,475.86
220.0,-1.944,-1.215,-0.05236,0.06754400000000002,0.10472,-0.135088,154211,1597,100031700,31.00,31.00,30.00,30.00,30.00,0.35,493.04
647.0,-1.944,-0.6075,-0.10472000000000001,-0.135088,0.10472000000000001,0.0,351121,1715,100047200,28.00,28.00,28.00,28.00,28.00,0.39,493.65
15516.0,1.944,1.215,0.10472,-0.135088,0.052360000000000004,-0.067544,241555,1787,100035950,31.00,31.00,30.00,30.00,29.93,0.42,488.73
4732.0,-0.972,0.0,0.0,0.135088,-0.052360000000000004,0.0,325332,659,100116800,109.00,109.00,99.00,99.00,81.33,0.31,473.53
8072.0,0.0,0.0,0.10472,0.0,0.10472,0.0,353533,604,100047800,110.00,110.00,93.00,102.00,79.22,0.30,467.24
13910.0,1.944,0.0,-0.052360000000000004,-0.067544,0.0,-0.135088,132235,677,100060050,142.00,142.00,89.00,114.00,81.42,0.30,469.96
6409.0,0.0,-1.215,-0.05236,-0.067544,-0.05236,0.135088,522213,767,100006800,114.00,114.00,90.00,97.00,67.22,0.33,476.58
5779.0,-0.972,1.215,-0.052360000000000004,-0.067544,-0.10472000000000001,0.135088,512252,630,100057400,223.00,223.00,102.00,116.00,85.65,0.26,456.94
10916.0,0.972,0.0,0.0,-0.067544,0.052360000000000004,-0.067544,242334,627,100046100,178.00,178.00,106.00,125.00,85.72,0.29,460.11
1499.0,-1.944,0.0,-0.052360000000000004,0.135088,0.10472000000000001,0.135088,555231,1133,100027400,46.00,46.00,45.00,45.00,44.02,0.36,479.77
9968.0,0.972,-1.215,0.10472,0.06754400000000002,0.052360000000000004,0.06754400000000002,444514,733,100103550,108.00,108.00,94.00,99.00,73.17,0.32,470.60
4243.0,-0.972,-0.6075,0.05236,0.135088,0.05236,0.06754400000000002,445422,654,100089550,172.00,172.00,99.00,126.00,85.80,0.30,464.96
3271.0,-0.972,-1.215,-0.05236,-0.135088,0.10472,-0.067544,251212,1285,100051050,38.00,38.00,38.00,38.00,37.73,0.39,484.72
2622.0,-1.944,1.215,-0.10472000000000001,0.135088,0.10472000000000001,0.0,355151,1134,100076000,54.00,54.00,53.00,54.00,50.48,0.36,483.69
1715.0,-1.944,0.0,0.052360000000000004,0.06754400000000002,0.052360000000000004,-0.135088,144431,706,100060500,125.00,125.00,98.00,108.00,82.38,0.30,470.22
1404.0,-1.944,0.0,-0.052360000000000004,-0.067544,-0.10472000000000001,0.135088,512231,727,100073600,158.00,158.00,109.00,127.00,75.47,0.29,472.70
7193.0,0.0,-0.6075,0.0,0.0,0.052360000000000004,0.06754400000000002,443323,790,100144300,113.00,113.00,87.00,90.00,78.33,0.28,476.03
210.0,-1.944,-1.215,-0.052360000000000004,0.06754400000000002,0.0,-0.135088,134211,1586,100002300,35.00,35.00,34.00,35.00,32.20,0.42,475.91
2011.0,-1.944,0.6075000000000002,-0.05236,-0.135088,0.0,-0.067544,231241,782,100048400,92.00,92.00,75.00,82.00,66.90,0.35,474.37
14141.0,1.944,0.0,0.05236,-0.135088,0.05236,-0.067544,241435,665,100122550,226.00,226.00,103.00,130.00,81.83,0.28,461.01
9669.0,0.972,-1.215,0.0,-0.067544,0.052360000000000004,0.135088,542314,700,100076000,97.00,97.00,86.00,91.00,77.15,0.32,463.71
14924.0,1.944,0.6075000000000002,0.10472000000000001,-0.067544,0.10472000000000001,0.135088,552545,1072,100025950,53.00,53.00,51.00,53.00,49.50,0.36,476.18
11037.0,0.972,0.0,0.052360000000000004,-0.067544,0.0,0.0,332434,657,100053150,103.00,103.00,99.00,101.00,80.67,0.28,469.79
12205.0,0.972,1.215,0.0,0.06754400000000002,-0.052360000000000004,-0.135088,124354,1016,100055150,54.00,54.00,52.00,53.00,49.20,0.37,474.81
8729.0,0.0,0.6075000000000002,0.10472,0.135088,-0.10472,0.135088,515543,1395,100024100,37.00,37.00,36.00,36.00,35.67,0.41,487.71
12462.0,0.972,1.215,0.10472000000000001,0.06754400000000002,0.0,0.0,334554,1255,100043500,40.00,40.00,40.00,40.00,39.42,0.36,484.08
10880.0,0.972,0.0,0.0,-0.135088,-0.05236,-0.135088,121334,924,100090950,54.00,54.00,53.00,54.00,52.40,0.34,472.24
9720.0,0.972,-1.215,0.0,0.06754400000000002,0.10472000000000001,-0.135088,154314,647,100127450,100.00,100.00,99.00,100.00,82.90,0.26,467.53
8535.0,0.0,0.6075000000000002,0.052360000000000004,-0.067544,0.0,-0.135088,132443,753,100066200,179.00,179.00,103.00,121.00,79.70,0.33,476.54
11702.0,0.972,0.6075000000000002,0.05236,0.06754400000000002,-0.10472000000000001,0.0,314444,1112,100076100,44.00,44.00,44.00,44.00,43.50,0.36,481.75
13687.0,1.944,-0.6075,0.10472,0.0,0.0,0.0,333525,953,100043100,65.00,65.00,61.00,63.00,58.05,0.42,478.29
12808.0,1.944,-1.215,0.0,0.0,-0.052360000000000004,0.06754400000000002,423315,605,100182350,209.00,209.00,113.00,125.00,89.10,0.30,473.79
7775.0,0.0,0.0,0.0,-0.067544,-0.10472,-0.135088,112333,764,100026150,91.00,91.00,85.00,90.00,75.15,0.28,477.02
13642.0,1.944,-0.6075,0.10472000000000001,-0.135088,0.05236,0.0,341525,611,100020900,108.00,108.00,91.00,94.00,83.00,0.31,470.35
15246.0,1.944,1.215,-0.05236,0.135088,0.10472,-0.067544,255255,2236,100034250,22.00,22.00,22.00,22.00,21.82,0.45,492.51
10228.0,0.972,-0.6075,-0.052360000000000004,0.135088,-0.10472000000000001,0.06754400000000002,415224,630,100154250,134.00,134.00,111.00,113.00,85.65,0.29,467.82
3305.0,-0.972,-1.215,-0.05236,0.0,-0.05236,-0.135088,123212,738,100164300,204.00,204.00,97.00,127.00,79.33,0.29,469.94
5663.0,-0.972,1.215,-0.10472000000000001,-0.067544,0.0,0.06754400000000002,432152,1068,100096650,74.00,74.00,61.00,67.00,57.50,0.38,486.77
3600.0,-0.972,-1.215,0.052360000000000004,0.135088,-0.10472,-0.135088,115412,1431,100049000,40.00,40.00,38.00,39.00,35.67,0.41,494.25
7533.0,0.0,0.0,-0.10472000000000001,-0.067544,-0.052360000000000004,0.06754400000000002,422133,802,100096250,98.00,98.00,80.00,87.00,66.62,0.31,483.75
15355.0,1.944,1.215,0.0,0.135088,-0.05236,-0.135088,125355,1587,100033500,31.00,31.00,30.00,31.00,29.95,0.37,486.98
2290.0,-1.944,0.6075000000000002,0.05236,-0.067544,0.05236,-0.135088,142441,599,100028550,167.00,167.00,106.00,158.00,89.03,0.28,474.13
11124.0,0.972,0.0,0.052360000000000004,0.135088,0.10472,0.135088,555434,628,100064300,172.00,172.00,106.00,99.00,82.58,0.29,467.62
7619.0,0.0,0.0,-0.10472000000000001,0.135088,0.05236,0.135088,545133,949,100067500,68.00,68.00,66.00,68.00,61.92,0.33,480.91
12586.0,1.944,-1.215,-0.10472,0.06754400000000002,0.0,-0.067544,234115,769,100158200,95.00,95.00,85.00,94.00,75.47,0.32,467.63
13099.0,1.944,-1.215,0.10472000000000001,0.06754400000000002,0.10472000000000001,0.135088,554515,626,100016650,138.00,138.00,100.00,104.00,75.72,0.27,472.62
6373.0,0.0,-1.215,-0.10472,0.135088,0.10472,0.06754400000000002,455113,1092,100087250,46.00,46.00,46.00,46.00,45.88,0.37,487.93
7632.0,0.0,0.0,-0.052360000000000004,-0.135088,-0.052360000000000004,0.0,321233,610,100165000,115.00,115.00,101.00,109.00,87.97,0.36,476.49
8480.0,0.0,0.6075000000000002,0.0,0.135088,-0.05236,-0.135088,125343,711,100048300,119.00,119.00,78.00,90.00,68.22,0.35,472.92
4898.0,-0.972,0.0,0.10472000000000001,-0.135088,0.10472000000000001,0.06754400000000002,451532,646,100011350,207.00,207.00,112.00,126.00,84.15,0.29,468.29
8973.0,0.0,1.215,-0.05236,0.06754400000000002,0.10472,0.06754400000000002,454253,928,100116300,93.00,93.00,89.00,93.00,69.97,0.34,481.60
3164.0,-0.972,-1.215,-0.10472000000000001,-0.067544,0.0,0.135088,532112,1270,100028200,39.00,39.00,38.00,39.00,38.05,0.39,482.82
3810.0,-0.972,-0.6075,-0.10472,0.0,0.0,-0.135088,133122,948,100061550,65.00,65.00,57.00,60.00,55.52,0.38,471.02
8763.0,0.0,1.215,-0.10472000000000001,-0.135088,0.0,0.06754400000000002,431153,990,100044400,78.00,78.00,60.00,76.00,53.83,0.40,484.73
15349.0,1.944,1.215,0.0,0.06754400000000002,0.10472,0.135088,554355,2391,100023700,19.00,19.00,19.00,19.00,19.00,0.34,495.46
9849.0,0.972,-1.215,0.05236,0.06754400000000002,0.10472000000000001,0.135088,554414,602,100135000,141.00,141.00,92.00,114.00,79.22,0.32,469.79
12033.0,0.972,1.215,-0.05236,-0.067544,-0.05236,0.06754400000000002,422254,667,100077100,170.00,170.00,118.00,115.00,79.50,0.27,479.17
2932.0,-1.944,1.215,0.05236,0.0,-0.052360000000000004,0.0,323451,712,100067800,95.00,95.00,90.00,90.00,74.95,0.32,478.51
12681.0,1.944,-1.215,-0.05236,0.0,-0.05236,-0.067544,223215,593,100149750,175.00,175.00,122.00,130.00,90.47,0.25,462.94
13916.0,1.944,0.0,-0.052360000000000004,-0.067544,0.05236,-0.067544,242235,736,100126300,110.00,110.00,86.00,96.00,79.88,0.29,474.09
1230.0,-1.944,-0.6075,0.10472,0.135088,-0.05236,-0.135088,125521,1404,100037300,38.00,38.00,38.00,38.00,37.55,0.48,484.99
12556.0,1.944,-1.215,-0.10472000000000001,0.0,-0.052360000000000004,-0.067544,223115,624,100155200,99.00,99.00,96.00,98.00,82.35,0.29,468.25
3931.0,-0.972,-0.6075,-0.05236,0.0,-0.05236,-0.067544,223222,593,100173350,200.00,200.00,108.00,120.00,85.95,0.30,469.44
3207.0,-0.972,-1.215,-0.10472000000000001,0.06754400000000002,-0.052360000000000004,0.0,324112,1009,100058350,51.00,51.00,49.00,51.00,47.45,0.36,472.26
4676.0,-0.972,0.0,0.0,0.0,-0.10472,-0.067544,213332,775,100078300,117.00,117.00,93.00,101.00,77.90,0.35,466.05
12690.0,1.944,-1.215,-0.052360000000000004,0.0,0.05236,-0.135088,143215,666,100051800,100.00,100.00,93.00,97.00,80.05,0.30,462.73
3901.0,-0.972,-0.6075,-0.05236,-0.067544,-0.10472,-0.067544,212222,592,100073900,167.00,167.00,112.00,114.00,90.20,0.29,462.06
5511.0,-0.972,0.6075000000000002,0.10472000000000001,-0.135088,0.0,-0.067544,231542,685,100099500,102.00,102.00,97.00,88.00,74.28,0.30,458.92
9724.0,0.972,-1.215,0.0,0.06754400000000002,0.10472,0.135088,554314,764,100090000,90.00,90.00,85.00,87.00,80.60,0.30,475.48
2077.0,-1.944,0.6075000000000002,-0.052360000000000004,0.06754400000000002,-0.10472000000000001,0.0,314241,648,100037300,178.00,178.00,100.00,136.00,85.08,0.29,464.58
14441.0,1.944,0.6075000000000002,-0.10472,0.0,0.052360000000000004,-0.067544,243145,982,100012250,108.00,108.00,83.00,90.00,70.95,0.35,485.68
13733.0,1.944,-0.6075,0.10472000000000001,0.135088,-0.052360000000000004,0.06754400000000002,425525,1212,100081050,41.00,41.00,41.00,41.00,40.12,0.39,494.73
9964.0,0.972,-1.215,0.10472,0.06754400000000002,0.0,0.135088,534514,798,100005350,90.00,90.00,84.00,88.00,75.65,0.35,476.63
13581.0,1.944,-0.6075,0.05236,0.06754400000000002,-0.052360000000000004,-0.067544,224425,978,100079000,58.00,58.00,56.00,57.00,54.23,0.38,486.35
6318.0,0.0,-1.215,-0.10472,0.0,0.052360000000000004,0.06754400000000002,443113,1165,100066650,47.00,47.00,46.00,47.00,45.30,0.39,484.79
11068.0,0.972,0.0,0.05236,0.0,0.05236,0.06754400000000002,443434,612,100078050,173.00,173.00,95.00,122.00,87.10,0.28,465.13
1547.0,-1.944,0.0,0.0,-0.067544,0.10472,0.0,352331,1147,100056300,51.00,51.00,49.00,50.00,46.83,0.38,481.23
156.0,-1.944,-1.215,-0.052360000000000004,-0.067544,-0.052360000000000004,-0.067544,222211,1660,100000950,31.00,31.00,31.00,31.00,29.62,0.44,487.23
2109.0,-1.944,0.6075000000000002,-0.05236,0.135088,-0.05236,0.135088,525241,625,100028050,192.00,192.00,108.00,132.00,80.97,0.28,470.36
9571.0,0.972,-1.215,-0.052360000000000004,0.0,0.10472000000000001,-0.067544,253214,929,100048500,101.00,101.00,70.00,75.00,63.15,0.37,482.47
2961.0,-1.944,1.215,0.052360000000000004,0.06754400000000002,0.0,-0.067544,234451,676,100119450,98.00,98.00,93.00,94.00,78.10,0.29,473.52
12240.0,0.972,1.215,0.0,0.135088,0.05236,-0.135088,145354,777,100119350,206.00,206.00,97.00,128.00,79.05,0.32,481.87
10720.0,0.972,0.0,-0.10472,0.06754400000000002,0.10472,-0.135088,154134,1059,100047700,70.00,70.00,61.00,69.00,52.88,0.36,491.31
7676.0,0.0,0.0,-0.052360000000000004,0.0,-0.10472000000000001,-0.067544,213233,664,100162400,170.00,170.00,114.00,104.00,82.03,0.32,462.92
10305.0,0.972,-0.6075,0.0,0.0,-0.05236,-0.135088,123324,676,100085850,113.00,113.00,90.00,104.00,80.12,0.29,473.77
15103.0,1.944,1.215,-0.10472000000000001,0.135088,-0.10472000000000001,0.06754400000000002,415155,1314,100080700,44.00,44.00,42.00,43.00,41.58,0.38,478.30
12024.0,0.972,1.215,-0.05236,-0.135088,0.10472,0.135088,551254,1364,100063050,40.00,40.00,39.00,39.00,38.65,0.41,495.67
2367.0,-1.944,0.6075000000000002,0.05236,0.135088,0.05236,0.0,345441,613,100052100,148.00,148.00,99.00,125.00,80.00,0.33,475.02
3658.0,-0.972,-1.215,0.10472,-0.067544,-0.05236,0.06754400000000002,422512,877,100018800,106.00,106.00,82.00,102.00,68.40,0.31,480.97
10216.0,0.972,-0.6075,-0.052360000000000004,0.06754400000000002,0.05236,-0.067544,244224,627,100138400,127.00,127.00,92.00,115.00,83.00,0.31,477.02
6649.0,0.0,-1.215,0.052360000000000004,-0.135088,0.10472,0.135088,551413,789,100005350,85.00,85.00,69.00,85.00,69.40,0.28,477.71
8107.0,0.0,0.0,0.10472000000000001,0.135088,-0.052360000000000004,0.0,325533,1231,100043950,52.00,52.00,51.00,51.00,42.02,0.40,489.92
14336.0,1.944,0.0,0.10472,0.06754400000000002,0.0,-0.067544,234535,1242,100012450,39.00,39.00,39.00,39.00,37.62,0.40,491.31
8221.0,0.0,0.6075000000000002,-0.10472000000000001,0.06754400000000002,0.10472000000000001,-0.067544,254143,1034,100102400,65.00,65.00,60.00,65.00,52.30,0.36,485.54
14696.0,1.944,0.6075000000000002,0.0,0.0,0.10472,-0.067544,253345,832,100014350,131.00,131.00,90.00,93.00,67.83,0.31,483.79
12846.0,1.944,-1.215,0.0,0.06754400000000002,0.10472000000000001,-0.067544,254315,656,100150300,118.00,118.00,108.00,98.00,80.25,0.28,461.87
9425.0,0.972,-1.215,-0.10472,0.0,-0.10472,-0.135088,113114,584,100006650,133.00,133.00,107.00,106.00,81.25,0.31,466.67
8291.0,0.0,0.6075000000000002,-0.052360000000000004,-0.067544,0.05236,-0.067544,242243,742,100127700,100.00,100.00,86.00,93.00,74.17,0.30,482.59
4234.0,-0.972,-0.6075,0.052360000000000004,0.135088,-0.05236,0.135088,525422,844,100028800,99.00,99.00,84.00,92.00,66.00,0.34,473.58
14396.0,1.944,0.6075000000000002,-0.10472000000000001,-0.135088,0.10472000000000001,-0.067544,251145,1482,100050300,34.00,34.00,34.00,34.00,33.48,0.45,489.80
5698.0,-0.972,1.215,-0.10472,0.0,0.10472,0.06754400000000002,453152,1438,100064200,38.00,38.00,37.00,37.00,35.23,0.43,498.37
674.0,-1.944,-0.6075,-0.10472000000000001,-0.067544,0.10472000000000001,0.135088,552121,1690,100035950,28.00,28.00,28.00,28.00,27.95,0.34,489.53
597.0,-1.944,-1.215,0.10472,0.06754400000000002,0.10472,0.0,354511,900,100101600,75.00,75.00,65.00,72.00,54.75,0.33,477.61
9480.0,0.972,-1.215,-0.10472000000000001,0.135088,-0.052360000000000004,-0.135088,125114,646,100060450,102.00,102.00,95.00,102.00,84.60,0.32,471.52
994.0,-1.944,-0.6075,0.0,0.135088,0.052360000000000004,0.135088,545321,951,100051400,53.00,53.00,53.00,53.00,51.60,0.39,476.45
9509.0,0.972,-1.215,-0.052360000000000004,-0.135088,-0.052360000000000004,0.135088,521214,690,100000950,124.00,124.00,92.00,99.00,80.50,0.34,480.14
13898.0,1.944,0.0,-0.05236,-0.135088,0.10472,0.06754400000000002,451235,1626,100017400,29.00,29.00,29.00,29.00,28.60,0.41,482.58
6320.0,0.0,-1.215,-0.10472000000000001,0.0,0.10472000000000001,-0.135088,153113,1149,100072800,45.00,45.00,44.00,45.00,43.83,0.40,493.73
14535.0,1.944,0.6075000000000002,-0.05236,-0.067544,0.0,-0.135088,132245,611,100128500,165.00,165.00,102.00,139.00,86.08,0.29,461.75
7860.0,0.0,0.0,0.0,0.135088,0.0,-0.135088,135333,623,100117300,108.00,108.00,97.00,95.00,78.95,0.27,476.03
7249.0,0.0,-0.6075,0.0,0.135088,0.10472,0.135088,555323,670,100058200,97.00,97.00,94.00,93.00,80.40,0.31,466.44
7670.0,0.0,0.0,-0.052360000000000004,-0.067544,0.10472000000000001,-0.135088,152233,930,100037500,71.00,71.00,68.00,70.00,63.62,0.38,474.92
14458.0,1.944,0.6075000000000002,-0.10472,0.06754400000000002,-0.05236,0.06754400000000002,424145,725,100111850,139.00,139.00,88.00,128.00,79.42,0.31,476.05
13005.0,1.944,-1.215,0.10472000000000001,-0.135088,-0.052360000000000004,-0.135088,121515,886,100116650,80.00,80.00,73.00,73.00,63.58,0.37,477.48
3767.0,-0.972,-0.6075,-0.10472,-0.135088,0.052360000000000004,0.0,341122,1296,100019800,40.00,40.00,39.00,39.00,38.90,0.41,486.47
2823.0,-1.944,1.215,0.0,0.0,0.10472000000000001,0.06754400000000002,453351,737,100112800,98.00,98.00,85.00,90.00,79.25,0.32,476.93
9623.0,0.972,-1.215,-0.05236,0.135088,0.10472,0.06754400000000002,455214,849,100053700,84.00,84.00,73.00,78.00,68.72,0.35,474.74
4908.0,-0.972,0.0,0.10472000000000001,-0.067544,-0.052360000000000004,0.06754400000000002,422532,861,100007250,104.00,104.00,84.00,86.00,71.50,0.34,482.94
410.0,-1.944,-1.215,0.052360000000000004,-0.067544,0.0,-0.135088,132411,1240,100025750,51.00,51.00,48.00,50.00,44.65,0.47,480.79
5863.0,-0.972,1.215,-0.052360000000000004,0.135088,0.0,0.06754400000000002,435252,600,100075800,195.00,195.00,119.00,134.00,83.97,0.30,464.39
15394.0,1.944,1.215,0.052360000000000004,-0.135088,0.052360000000000004,0.135088,541455,1681,100047000,35.00,35.00,33.00,34.00,27.15,0.43,488.69
10737.0,0.972,0.0,-0.10472000000000001,0.135088,0.0,0.0,335134,732,100031450,106.00,106.00,104.00,99.00,79.47,0.31,477.42
10404.0,0.972,-0.6075,0.052360000000000004,-0.067544,-0.10472,0.135088,512424,768,100021650,97.00,97.00,85.00,90.00,78.05,0.29,484.28
7378.0,0.0,-0.6075,0.10472000000000001,-0.135088,-0.10472000000000001,0.06754400000000002,411523,932,100094450,81.00,81.00,78.00,81.00,68.28,0.36,479.50
7647.0,0.0,0.0,-0.05236,-0.135088,0.10472,0.0,351233,1129,100047400,55.00,55.00,55.00,55.00,49.98,0.43,497.36
7689.0,0.0,0.0,-0.052360000000000004,0.0,0.0,0.135088,533233,688,100017550,95.00,95.00,91.00,92.00,80.92,0.28,472.26
13792.0,1.944,0.0,-0.10472,-0.067544,0.052360000000000004,0.0,342135,1088,100048000,72.00,72.00,53.00,65.00,49.52,0.40,487.06
2379.0,-1.944,0.6075000000000002,0.10472000000000001,-0.135088,-0.10472000000000001,0.135088,511541,927,100015600,81.00,81.00,79.00,79.00,71.10,0.36,477.01
11207.0,0.972,0.0,0.10472,0.06754400000000002,-0.05236,0.0,324534,1091,100019400,48.00,48.00,47.00,48.00,47.02,0.36,493.73
11287.0,0.972,0.6075000000000002,-0.10472000000000001,-0.067544,0.0,0.0,332144,943,100050150,98.00,98.00,80.00,85.00,68.30,0.38,477.70
12135.0,0.972,1.215,0.0,-0.135088,0.0,-0.135088,131354,605,100172550,185.00,185.00,110.00,140.00,90.17,0.28,473.01
5122.0,-0.972,0.6075000000000002,-0.10472000000000001,0.135088,0.10472000000000001,0.0,355142,1091,100046750,59.00,59.00,57.00,58.00,51.00,0.41,479.38
13259.0,1.944,-0.6075,-0.05236,-0.135088,-0.05236,0.135088,521225,772,100094350,148.00,148.00,83.00,101.00,75.40,0.29,480.34
12602.0,1.944,-1.215,-0.10472000000000001,0.135088,-0.10472000000000001,0.0,315115,659,100095400,174.00,174.00,108.00,108.00,81.62,0.30,464.45
12948.0,1.944,-1.215,0.052360000000000004,0.0,0.10472,0.06754400000000002,453415,602,100196900,192.00,192.00,96.00,187.00,91.35,0.29,462.68
9682.0,0.972,-1.215,0.0,0.0,-0.052360000000000004,0.0,323314,776,100138150,168.00,168.00,107.00,99.00,75.05,0.27,467.08
15527.0,1.944,1.215,0.10472,-0.067544,-0.10472,0.0,312555,1771,100045800,27.00,27.00,26.00,26.00,26.00,0.36,485.67
12552.0,1.944,-1.215,-0.10472000000000001,0.0,-0.10472000000000001,0.0,313115,627,100131600,157.00,157.00,114.00,114.00,83.33,0.29,479.34
5591.0,-0.972,0.6075000000000002,0.10472,0.06754400000000002,0.052360000000000004,-0.067544,244542,694,100073700,93.00,93.00,88.00,88.00,78.38,0.34,471.37
1418.0,-1.944,0.0,-0.052360000000000004,-0.067544,0.05236,0.06754400000000002,442231,1189,100017850,43.00,43.00,42.00,43.00,41.17,0.38,477.97
11204.0,0.972,0.0,0.10472,0.06754400000000002,-0.10472,0.135088,514534,1252,100064750,43.00,43.00,43.00,43.00,40.25,0.44,494.38
10363.0,0.972,-0.6075,0.0,0.135088,0.0,0.06754400000000002,435324,657,100020550,170.00,170.00,99.00,130.00,85.60,0.29,459.11
2344.0,-1.944,0.6075000000000002,0.052360000000000004,0.06754400000000002,0.052360000000000004,0.135088,544441,586,100005300,163.00,163.00,109.00,119.00,86.65,0.30,464.75
10627.0,0.972,0.0,-0.10472000000000001,-0.135088,-0.10472000000000001,0.0,311134,714,100149150,108.00,108.00,101.00,106.00,78.85,0.30,474.80
12297.0,0.972,1.215,0.052360000000000004,-0.067544,0.10472,0.0,352454,612,100079750,187.00,187.00,102.00,133.00,89.62,0.29,468.87
1059.0,-1.944,-0.6075,0.05236,0.0,-0.052360000000000004,0.135088,523421,695,100014900,145.00,145.00,96.00,109.00,81.12,0.27,478.75
11857.0,0.972,0.6075000000000002,0.10472,0.135088,-0.05236,0.0,325544,1278,100048500,39.00,39.00,39.00,39.00,38.62,0.38,485.98
3608.0,-0.972,-1.215,0.05236,0.135088,-0.052360000000000004,0.06754400000000002,425412,733,100012750,110.00,110.00,87.00,108.00,79.67,0.35,474.66
4818.0,-0.972,0.0,0.052360000000000004,0.0,0.052360000000000004,0.06754400000000002,443432,575,100169250,190.00,190.00,138.00,148.00,88.58,0.28,466.25
14965.0,1.944,0.6075000000000002,0.10472000000000001,0.06754400000000002,0.05236,-0.135088,144545,1375,100038750,34.00,34.00,34.00,34.00,33.88,0.33,474.90
3289.0,-0.972,-1.215,-0.05236,-0.067544,0.0,0.135088,532212,1056,100054350,48.00,48.00,47.00,47.00,46.70,0.37,481.23
9677.0,0.972,-1.215,0.0,0.0,-0.10472000000000001,0.0,313314,637,100000300,125.00,125.00,97.00,116.00,83.62,0.33,477.28
13817.0,1.944,0.0,-0.10472,0.0,0.052360000000000004,0.0,343135,1103,100030000,83.00,83.00,80.00,82.00,63.40,0.40,482.57
14671.0,1.944,0.6075000000000002,0.0,-0.067544,0.10472000000000001,-0.067544,252345,782,100129750,130.00,130.00,99.00,118.00,77.88,0.27,478.95
7820.0,0.0,0.0,0.0,0.0,0.10472,-0.135088,153333,697,100071350,114.00,114.00,107.00,90.00,74.72,0.30,467.09
7803.0,0.0,0.0,0.0,0.0,-0.10472000000000001,0.06754400000000002,413333,587,100039200,114.00,114.00,102.00,106.00,90.70,0.29,466.98
8434.0,0.0,0.6075000000000002,0.0,0.0,-0.05236,0.135088,523343,594,100082700,143.00,143.00,121.00,112.00,85.78,0.28,461.47
3557.0,-0.972,-1.215,0.05236,0.0,-0.052360000000000004,0.0,323412,777,100128300,141.00,141.00,82.00,109.00,79.42,0.30,479.12
9456.0,0.972,-1.215,-0.10472,0.06754400000000002,-0.05236,-0.067544,224114,713,100005950,91.00,91.00,89.00,91.00,77.80,0.30,463.51
989.0,-1.944,-0.6075,0.0,0.135088,0.0,0.135088,535321,668,100044650,165.00,165.00,92.00,135.00,77.83,0.26,465.34
2644.0,-1.944,1.215,-0.05236,-0.135088,0.052360000000000004,0.135088,541251,1049,100005700,56.00,56.00,53.00,55.00,49.42,0.38,490.05
189.0,-1.944,-1.215,-0.052360000000000004,0.0,0.0,0.135088,533211,1599,100035300,31.00,31.00,31.00,31.00,29.90,0.37,488.87
764.0,-1.944,-0.6075,-0.05236,-0.135088,0.0,0.135088,531221,1347,100009050,35.00,35.00,35.00,35.00,34.83,0.35,488.51
10967.0,0.972,0.0,0.0,0.06754400000000002,0.05236,0.0,344334,605,100065000,188.00,188.00,107.00,112.00,87.60,0.30,460.26
4464.0,-0.972,0.0,-0.10472,0.06754400000000002,0.0,0.135088,534132,825,100107200,103.00,103.00,84.00,84.00,67.25,0.38,471.92
8404.0,0.0,0.6075000000000002,0.0,-0.067544,-0.10472000000000001,0.135088,512343,643,100175200,110.00,110.00,102.00,107.00,86.38,0.31,483.49
14962.0,1.944,0.6075000000000002,0.10472,0.06754400000000002,0.0,0.0,334545,1417,100047100,33.00,33.00,33.00,33.00,32.80,0.36,479.59
7231.0,0.0,-0.6075,0.0,0.135088,-0.052360000000000004,-0.067544,225323,651,100010850,115.00,115.00,96.00,102.00,82.62,0.27,474.81
14357.0,1.944,0.0,0.10472,0.135088,-0.05236,0.0,325535,1432,100025500,34.00,34.00,34.00,34.00,33.80,0.38,493.98
5666.0,-0.972,1.215,-0.10472000000000001,-0.067544,0.05236,-0.067544,242152,1006,100067500,69.00,69.00,68.00,69.00,62.85,0.38,474.22
1034.0,-1.944,-0.6075,0.052360000000000004,-0.067544,-0.05236,0.135088,522421,699,100123600,168.00,168.00,96.00,121.00,85.30,0.31,466.71
4591.0,-0.972,0.0,-0.052360000000000004,0.06754400000000002,0.05236,-0.067544,244232,664,100025400,115.00,115.00,85.00,91.00,76.85,0.32,471.80
2849.0,-1.944,1.215,0.0,0.06754400000000002,0.10472,0.135088,554351,743,100102450,109.00,109.00,93.00,100.00,80.85,0.30,477.84
7997.0,0.0,0.0,0.05236,0.135088,0.10472000000000001,0.0,355433,634,100094500,165.00,165.00,118.00,131.00,88.28,0.28,467.94
2567.0,-1.944,1.215,-0.10472,0.0,0.052360000000000004,0.0,343151,1500,100042050,31.00,31.00,31.00,31.00,30.98,0.34,480.62
7881.0,0.0,0.0,0.05236,-0.135088,-0.052360000000000004,-0.067544,221433,619,100102900,114.00,114.00,108.00,113.00,90.60,0.32,473.68
2796.0,-1.944,1.215,0.0,-0.067544,0.10472,-0.067544,252351,712,100016650,100.00,100.00,89.00,90.00,78.85,0.31,465.66
15198.0,1.944,1.215,-0.052360000000000004,0.0,0.10472000000000001,0.06754400000000002,453255,1967,100033050,27.00,27.00,26.00,27.00,25.00,0.48,498.57
3496.0,-0.972,-1.215,0.0,0.135088,0.10472,-0.067544,255312,741,100030500,191.00,191.00,91.00,177.00,75.28,0.34,471.62
6187.0,-0.972,1.215,0.10472000000000001,0.0,0.0,0.0,333552,773,100141600,99.00,99.00,78.00,86.00,70.35,0.36,474.94
14330.0,1.944,0.0,0.10472,0.06754400000000002,-0.05236,-0.135088,124535,1405,100010050,35.00,35.00,34.00,35.00,33.92,0.37,488.32
503.0,-1.944,-1.215,0.10472000000000001,-0.135088,-0.10472000000000001,0.06754400000000002,411511,1950,100042750,31.00,31.00,30.00,30.00,27.52,0.47,489.36
10382.0,0.972,-0.6075,0.052360000000000004,-0.135088,-0.05236,0.0,321424,668,100154400,116.00,116.00,100.00,115.00,84.97,0.27,470.48
13466.0,1.944,-0.6075,0.0,0.06754400000000002,0.05236,-0.067544,244325,639,100115750,194.00,194.00,104.00,123.00,89.42,0.27,467.91
6382.0,0.0,-1.215,-0.05236,-0.135088,-0.05236,0.0,321213,747,100156950,141.00,141.00,82.00,86.00,74.05,0.30,476.68
1198.0,-1.944,-0.6075,0.10472000000000001,0.0,0.10472000000000001,0.06754400000000002,453521,643,100161400,161.00,161.00,101.00,112.00,86.78,0.28,469.15
7852.0,0.0,0.0,0.0,0.135088,-0.10472,0.0,315333,815,100080100,96.00,96.00,87.00,88.00,76.78,0.36,491.80
1982.0,-1.944,0.6075000000000002,-0.10472000000000001,0.135088,-0.052360000000000004,0.0,325141,643,100149500,115.00,115.00,98.00,98.00,83.72,0.31,476.30
15318.0,1.944,1.215,0.0,0.0,0.052360000000000004,0.06754400000000002,443355,1877,100036750,37.00,37.00,34.00,36.00,32.60,0.48,492.17
10065.0,0.972,-0.6075,-0.10472000000000001,0.0,0.05236,-0.135088,143124,919,100004900,80.00,80.00,73.00,77.00,67.60,0.34,490.04
39.0,-1.944,-1.215,-0.10472,-0.067544,0.0,0.135088,532111,1890,100035850,26.00,26.00,25.00,25.00,24.98,0.33,495.13
14742.0,1.944,0.6075000000000002,0.0,0.135088,0.05236,0.0,345345,919,100012450,64.00,64.00,58.00,63.00,52.52,0.32,477.28
13981.0,1.944,0.0,-0.05236,0.135088,-0.05236,-0.067544,225235,655,100134400,145.00,145.00,91.00,105.00,79.45,0.29,470.43
6397.0,0.0,-1.215,-0.052360000000000004,-0.135088,0.10472000000000001,0.0,351213,1599,100012800,29.00,29.00,29.00,29.00,29.00,0.34,490.26
6238.0,-0.972,1.215,0.10472,0.135088,0.0,0.06754400000000002,435552,982,100104750,65.00,65.00,62.00,65.00,57.92,0.39,488.84
5629.0,-0.972,1.215,-0.10472000000000001,-0.135088,-0.10472000000000001,0.135088,511152,713,100088600,100.00,100.00,98.00,98.00,79.35,0.35,477.31
1228.0,-1.944,-0.6075,0.10472,0.135088,-0.10472,0.06754400000000002,415521,1454,100058650,34.00,34.00,34.00,34.00,33.77,0.42,486.47
5551.0,-0.972,0.6075000000000002,0.10472000000000001,0.0,-0.10472000000000001,-0.067544,213542,1428,100066900,37.00,37.00,37.00,37.00,35.55,0.41,492.72
4359.0,-0.972,-0.6075,0.10472,0.135088,-0.05236,0.135088,525522,1121,100081050,70.00,70.00,54.00,68.00,45.62,0.42,484.39
4841.0,-0.972,0.0,0.05236,0.06754400000000002,0.05236,-0.067544,244432,663,100104300,128.00,128.00,118.00,121.00,81.55,0.30,483.02
1604.0,-1.944,0.0,0.0,0.135088,-0.10472,0.135088,515331,776,100164950,112.00,112.00,95.00,101.00,76.67,0.31,485.46
1426.0,-1.944,0.0,-0.052360000000000004,0.0,-0.10472000000000001,-0.067544,213231,692,100059150,190.00,190.00,98.00,108.00,79.67,0.30,470.82
3086.0,-1.944,1.215,0.10472,0.06754400000000002,0.0,-0.067544,234551,820,100155900,92.00,92.00,79.00,92.00,75.33,0.38,475.87
12102.0,0.972,1.215,-0.052360000000000004,0.135088,-0.10472000000000001,0.0,315254,923,100088550,61.00,61.00,58.00,59.00,53.88,0.32,477.53
12120.0,0.972,1.215,-0.05236,0.135088,0.10472,-0.135088,155254,631,100064500,151.00,151.00,93.00,106.00,81.75,0.32,473.19
9390.0,0.972,-1.215,-0.10472000000000001,-0.135088,0.05236,-0.135088,141114,1109,100036500,54.00,54.00,54.00,54.00,53.08,0.41,493.45
13150.0,1.944,-0.6075,-0.10472,-0.067544,-0.10472,-0.135088,112125,604,100031850,184.00,184.00,136.00,173.00,89.30,0.27,475.42
8345.0,0.0,0.6075000000000002,-0.052360000000000004,0.06754400000000002,0.10472000000000001,-0.135088,154243,713,100005350,98.00,98.00,89.00,94.00,79.97,0.32,479.98
1924.0,-1.944,0.6075000000000002,-0.10472,-0.067544,0.10472,0.135088,552141,1605,100023150,31.00,31.00,31.00,31.00,30.75,0.43,485.16
14302.0,1.944,0.0,0.10472000000000001,0.0,-0.10472000000000001,0.0,313535,1416,100014300,35.00,35.00,34.00,34.00,33.98,0.36,486.05
8110.0,0.0,0.0,0.10472,0.135088,0.0,-0.135088,135533,1026,100020900,59.00,59.00,58.00,59.00,56.55,0.38,483.74
3217.0,-0.972,-1.215,-0.10472000000000001,0.06754400000000002,0.05236,0.0,344112,1207,100000250,41.00,41.00,41.00,41.00,39.80,0.42,491.81
13873.0,1.944,0.0,-0.10472,0.135088,0.10472,0.06754400000000002,455135,1163,100052750,66.00,66.00,57.00,65.00,42.00,0.39,482.87
11937.0,0.972,1.215,-0.10472000000000001,0.0,0.0,0.0,333154,795,100149750,116.00,116.00,85.00,111.00,72.05,0.33,484.40
11447.0,0.972,0.6075000000000002,-0.05236,0.0,0.10472,0.0,353244,852,100079900,126.00,126.00,101.00,113.00,79.80,0.38,489.84
8818.0,0.0,1.215,-0.10472000000000001,0.0,0.05236,0.06754400000000002,443153,1079,100001500,78.00,78.00,57.00,73.00,49.08,0.37,494.71
13925.0,1.944,0.0,-0.05236,0.0,-0.10472,-0.135088,113235,664,100023100,153.00,153.00,105.00,131.00,85.60,0.31,463.98
4230.0,-0.972,-0.6075,0.05236,0.135088,-0.052360000000000004,-0.135088,125422,928,100048100,93.00,93.00,82.00,85.00,62.67,0.39,485.96
6864.0,0.0,-1.215,0.10472,0.135088,0.0,0.135088,535513,755,100018950,93.00,93.00,85.00,90.00,75.92,0.31,474.85
2262.0,-1.944,0.6075000000000002,0.05236,-0.135088,0.0,0.0,331441,617,100040100,147.00,147.00,96.00,132.00,86.22,0.30,459.72
7892.0,0.0,0.0,0.052360000000000004,-0.135088,0.052360000000000004,0.0,341433,572,100088600,218.00,218.00,157.00,139.00,91.53,0.33,460.02
165.0,-1.944,-1.215,-0.052360000000000004,-0.067544,0.05236,-0.135088,142211,1657,100060650,30.00,30.00,29.00,30.00,28.98,0.34,490.82
6407.0,0.0,-1.215,-0.05236,-0.067544,-0.05236,0.0,322213,685,100139400,143.00,143.00,87.00,135.00,79.62,0.31,478.56
12727.0,1.944,-1.215,-0.052360000000000004,0.135088,-0.10472000000000001,0.0,315215,692,100033850,152.00,152.00,87.00,123.00,72.33,0.31,471.73
2139.0,-1.944,0.6075000000000002,0.0,-0.135088,0.0,0.135088,531341,694,100027000,107.00,107.00,95.00,87.00,72.62,0.29,472.89
1369.0,-1.944,0.0,-0.10472000000000001,0.135088,0.05236,0.135088,545131,1212,100012400,41.00,41.00,40.00,41.00,39.48,0.38,489.51
12645.0,1.944,-1.215,-0.05236,-0.135088,0.10472,-0.135088,151215,1084,100097150,67.00,67.00,55.00,64.00,50.15,0.37,486.44
2421.0,-1.944,0.6075000000000002,0.10472000000000001,-0.067544,0.10472000000000001,-0.067544,252541,617,100029250,163.00,163.00,108.00,120.00,87.25,0.25,467.70
5043.0,-0.972,0.6075000000000002,-0.10472,-0.067544,0.052360000000000004,0.06754400000000002,442142,1185,100044100,51.00,51.00,50.00,51.00,49.17,0.39,493.70
2201.0,-1.944,0.6075000000000002,0.0,0.06754400000000002,-0.10472000000000001,-0.067544,214341,871,100110100,91.00,91.00,86.00,88.00,73.40,0.29,491.06
15217.0,1.944,1.215,-0.05236,0.06754400000000002,0.052360000000000004,0.0,344255,1515,100033300,42.00,42.00,41.00,41.00,37.58,0.42,487.64
6802.0,0.0,-1.215,0.10472000000000001,0.0,-0.10472000000000001,0.0,313513,1286,100009650,42.00,42.00,41.00,42.00,37.75,0.41,483.11
8713.0,0.0,0.6075000000000002,0.10472,0.06754400000000002,0.0,0.06754400000000002,434543,863,100032400,72.00,72.00,69.00,70.00,63.15,0.36,474.89
1748.0,-1.944,0.0,0.05236,0.135088,0.10472000000000001,0.06754400000000002,455431,621,100079550,180.00,180.00,99.00,114.00,82.88,0.29,466.87
2325.0,-1.944,0.6075000000000002,0.052360000000000004,0.06754400000000002,-0.10472,-0.135088,114441,1201,100080150,57.00,57.00,55.00,57.00,52.05,0.40,486.45
7165.0,0.0,-0.6075,0.0,-0.067544,0.05236,-0.135088,142323,642,100159150,105.00,105.00,96.00,104.00,84.78,0.27,471.53
5857.0,-0.972,1.215,-0.05236,0.135088,-0.05236,0.0,325252,655,100126850,115.00,115.00,100.00,104.00,85.30,0.28,469.46
12046.0,0.972,1.215,-0.052360000000000004,-0.067544,0.10472000000000001,-0.067544,252254,926,100007950,97.00,97.00,81.00,91.00,60.23,0.34,490.93
14310.0,1.944,0.0,0.10472,0.0,0.0,-0.135088,133535,1207,100002250,41.00,41.00,41.00,41.00,40.10,0.40,497.59
7242.0,0.0,-0.6075,0.0,0.135088,0.05236,0.0,345323,618,100151500,222.00,222.00,106.00,119.00,85.58,0.29,469.58
13.0,-1.944,-1.215,-0.10472,-0.135088,0.0,0.06754400000000002,431111,1982,100027500,25.00,25.00,25.00,25.00,24.62,0.41,492.64
14415.0,1.944,0.6075000000000002,-0.10472000000000001,-0.067544,0.05236,-0.135088,142145,925,100070800,99.00,99.00,77.00,87.00,68.67,0.39,493.36
7518.0,0.0,0.0,-0.10472,-0.135088,0.052360000000000004,0.06754400000000002,441133,1309,100057700,43.00,43.00,42.00,43.00,40.02,0.43,488.24
7407.0,0.0,-0.6075,0.10472000000000001,-0.067544,-0.052360000000000004,0.0,322523,805,100141500,93.00,93.00,84.00,89.00,74.58,0.35,488.62
147.0,-1.944,-1.215,-0.05236,-0.135088,0.10472,0.0,351211,1787,100048500,27.00,27.00,26.00,27.00,26.10,0.39,493.57
75.0,-1.944,-1.215,-0.10472000000000001,0.06754400000000002,-0.10472000000000001,-0.135088,114111,2391,100038050,19.00,19.00,19.00,19.00,19.00,0.34,494.38
4404.0,-0.972,0.0,-0.10472,-0.067544,-0.10472,0.135088,512132,731,100051100,96.00,96.00,82.00,84.00,65.65,0.31,476.51
1340.0,-1.944,0.0,-0.10472000000000001,0.06754400000000002,0.05236,-0.135088,144131,1167,100010050,43.00,43.00,42.00,43.00,41.60,0.37,496.97
11704.0,0.972,0.6075000000000002,0.052360000000000004,0.06754400000000002,-0.10472,0.135088,514444,1084,100079350,48.00,48.00,47.00,48.00,47.08,0.38,485.24
9934.0,0.972,-1.215,0.10472000000000001,0.0,-0.052360000000000004,0.135088,523514,893,100135050,82.00,82.00,80.00,81.00,64.53,0.34,486.95
9201.0,0.0,1.215,0.052360000000000004,0.06754400000000002,-0.10472,-0.067544,214453,1159,100025350,46.00,46.00,46.00,46.00,44.17,0.38,489.61
11645.0,0.972,0.6075000000000002,0.05236,-0.135088,0.10472000000000001,-0.135088,151444,671,100181250,196.00,196.00,105.00,108.00,86.42,0.28,465.14
9627.0,0.972,-1.215,0.0,-0.135088,-0.10472,0.0,311314,616,100141450,195.00,195.00,91.00,128.00,85.35,0.31,462.40
8687.0,0.0,0.6075000000000002,0.10472000000000001,0.0,0.0,0.0,333543,878,100114200,84.00,84.00,69.00,72.00,58.70,0.34,476.65
8722.0,0.0,0.6075000000000002,0.10472,0.06754400000000002,0.10472,0.0,354543,685,100166150,156.00,156.00,94.00,105.00,85.33,0.30,470.45
2980.0,-1.944,1.215,0.05236,0.135088,-0.052360000000000004,-0.135088,125451,1046,100072900,68.00,68.00,60.00,68.00,48.85,0.34,485.34
7177.0,0.0,-0.6075,0.0,0.0,-0.10472,0.0,313323,686,100076600,118.00,118.00,97.00,98.00,82.45,0.29,473.46
1012.0,-1.944,-0.6075,0.05236,-0.135088,0.0,0.0,331421,664,100121150,171.00,171.00,97.00,127.00,80.08,0.27,468.60
8235.0,0.0,0.6075000000000002,-0.10472,0.135088,0.0,-0.135088,135143,638,100163900,132.00,132.00,99.00,124.00,82.47,0.28,468.86
8802.0,0.0,1.215,-0.10472000000000001,0.0,-0.10472000000000001,0.0,313153,607,100011750,153.00,153.00,99.00,122.00,90.58,0.29,465.82
13608.0,1.944,-0.6075,0.052360000000000004,0.135088,-0.05236,0.06754400000000002,425425,1053,100009350,55.00,55.00,54.00,54.00,51.75,0.39,492.22
150.0,-1.944,-1.215,-0.052360000000000004,-0.067544,-0.10472000000000001,-0.135088,112211,2094,100000950,26.00,26.00,25.00,25.00,23.98,0.55,490.33
3748.0,-0.972,-1.215,0.10472,0.135088,0.10472,0.06754400000000002,455512,652,100170650,160.00,160.00,96.00,148.00,82.58,0.30,472.46
15490.0,1.944,1.215,0.05236,0.135088,0.05236,-0.135088,145455,1668,100031000,30.00,30.00,29.00,29.00,28.82,0.42,491.96
9353.0,0.0,1.215,0.10472,0.135088,-0.10472,0.06754400000000002,415553,1467,100020800,34.00,34.00,34.00,34.00,34.00,0.42,498.80
2269.0,-1.944,0.6075000000000002,0.05236,-0.135088,0.05236,0.135088,541441,601,100150600,136.00,136.00,103.00,120.00,87.33,0.33,474.33
10982.0,0.972,0.0,0.0,0.135088,-0.05236,0.0,325334,686,100018550,111.00,111.00,84.00,90.00,75.65,0.31,475.07
15115.0,1.944,1.215,-0.10472000000000001,0.135088,0.05236,-0.135088,145155,1117,100062950,158.00,158.00,83.00,112.00,72.28,0.37,485.81
4213.0,-0.972,-0.6075,0.052360000000000004,0.06754400000000002,0.0,0.06754400000000002,434422,678,100068250,127.00,127.00,87.00,117.00,74.30,0.26,475.55
10800.0,0.972,0.0,-0.052360000000000004,0.0,-0.10472000000000001,-0.135088,113234,634,100105250,116.00,116.00,99.00,103.00,83.35,0.27,469.48
9423.0,0.972,-1.215,-0.10472,-0.067544,0.10472,0.06754400000000002,452114,1545,100049750,33.00,33.00,33.00,33.00,32.60,0.46,490.79
4250.0,-0.972,-0.6075,0.10472000000000001,-0.135088,-0.10472000000000001,-0.135088,111522,1104,100045400,58.00,58.00,58.00,58.00,53.23,0.44,483.63
4239.0,-0.972,-0.6075,0.052360000000000004,0.135088,0.0,0.135088,535422,739,100070250,117.00,117.00,115.00,110.00,75.03,0.30,471.66
4493.0,-0.972,0.0,-0.10472000000000001,0.135088,0.05236,0.06754400000000002,445132,950,100076200,62.00,62.00,59.00,61.00,55.48,0.36,483.56
2203.0,-1.944,0.6075000000000002,0.0,0.06754400000000002,-0.10472,0.06754400000000002,414341,814,100096550,102.00,102.00,97.00,98.00,73.65,0.27,476.91
8506.0,0.0,0.6075000000000002,0.05236,-0.135088,-0.052360000000000004,-0.067544,221443,672,100042350,154.00,154.00,89.00,132.00,86.40,0.32,471.62
2070.0,-1.944,0.6075000000000002,-0.05236,0.0,0.10472,-0.135088,153241,997,100078950,64.00,64.00,59.00,62.00,56.92,0.36,479.10
1047.0,-1.944,-0.6075,0.05236,-0.067544,0.10472000000000001,0.0,352421,1066,100069850,49.00,49.00,48.00,49.00,46.17,0.34,478.87
4952.0,-0.972,0.0,0.10472,0.06754400000000002,-0.10472,0.0,314532,1486,100032850,36.00,36.00,35.00,36.00,32.20,0.40,486.49
10114.0,0.972,-0.6075,-0.10472000000000001,0.135088,0.0,0.135088,535124,720,100011700,86.00,86.00,83.00,85.00,77.62,0.30,479.39
8015.0,0.0,0.0,0.10472,-0.135088,0.052360000000000004,-0.135088,141533,679,100143750,103.00,103.00,100.00,101.00,77.20,0.28,473.29
4915.0,-0.972,0.0,0.10472000000000001,-0.067544,0.05236,-0.135088,142532,655,100161650,108.00,108.00,90.00,107.00,82.17,0.30,468.20
14747.0,1.944,0.6075000000000002,0.0,0.135088,0.10472,0.0,355345,765,100043350,187.00,187.00,97.00,110.00,82.15,0.30,461.99
14372.0,1.944,0.0,0.10472000000000001,0.135088,0.10472000000000001,0.0,355535,1061,100064600,49.00,49.00,47.00,48.00,45.30,0.35,467.79
8943.0,0.0,1.215,-0.05236,0.0,0.052360000000000004,0.06754400000000002,443253,795,100110000,103.00,103.00,95.00,102.00,72.00,0.30,481.67
13317.0,1.944,-0.6075,-0.052360000000000004,0.0,0.05236,0.0,343225,750,100135600,101.00,101.00,94.00,98.00,77.72,0.27,481.06
6386.0,0.0,-1.215,-0.05236,-0.135088,0.0,-0.067544,231213,813,100094100,101.00,101.00,74.00,80.00,61.88,0.34,481.08
10454.0,0.972,-0.6075,0.05236,0.06754400000000002,-0.10472000000000001,0.135088,514424,925,100133850,80.00,80.00,71.00,72.00,65.08,0.36,482.50
13650.0,1.944,-0.6075,0.10472,-0.067544,-0.10472,-0.135088,112525,1367,100001600,39.00,39.00,39.00,39.00,38.20,0.47,489.74
11443.0,0.972,0.6075000000000002,-0.052360000000000004,0.0,0.05236,0.06754400000000002,443244,1342,100000850,35.00,35.00,35.00,35.00,34.98,0.34,479.67
11815.0,0.972,0.6075000000000002,0.10472,0.0,0.052360000000000004,-0.135088,143544,924,100061450,73.00,73.00,67.00,69.00,58.00,0.36,463.73
3269.0,-0.972,-1.215,-0.052360000000000004,-0.135088,0.05236,0.135088,541212,1295,100003350,39.00,39.00,39.00,39.00,38.70,0.41,491.44
8518.0,0.0,0.6075000000000002,0.052360000000000004,-0.135088,0.052360000000000004,0.06754400000000002,441443,595,100054100,214.00,214.00,106.00,126.00,85.95,0.29,466.14
4089.0,-0.972,-0.6075,0.0,0.06754400000000002,0.0,0.135088,534322,606,100060400,127.00,127.00,116.00,111.00,87.95,0.28,464.18
14075.0,1.944,0.0,0.0,0.06754400000000002,-0.10472,-0.135088,114335,1128,100024850,46.00,46.00,44.00,45.00,43.40,0.35,485.12
7166.0,0.0,-0.6075,0.0,-0.067544,0.05236,-0.067544,242323,636,100163050,104.00,104.00,96.00,99.00,83.92,0.31,472.87
4288.0,-0.972,-0.6075,0.10472,-0.067544,0.0,0.06754400000000002,432522,687,100150200,128.00,128.00,103.00,109.00,85.62,0.32,471.30
12621.0,1.944,-1.215,-0.10472000000000001,0.135088,0.10472000000000001,-0.067544,255115,1030,100058850,73.00,73.00,67.00,70.00,56.67,0.36,477.19
12742.0,1.944,-1.215,-0.05236,0.135088,0.052360000000000004,0.0,345215,623,100031000,111.00,111.00,100.00,99.00,80.05,0.32,457.98
11773.0,0.972,0.6075000000000002,0.10472000000000001,-0.135088,0.10472000000000001,0.06754400000000002,451544,642,100018650,124.00,124.00,117.00,121.00,88.17,0.28,463.76
2240.0,-1.944,0.6075000000000002,0.0,0.135088,0.052360000000000004,-0.135088,145341,621,100122050,180.00,180.00,114.00,133.00,84.03,0.26,464.15
8349.0,0.0,0.6075000000000002,-0.052360000000000004,0.06754400000000002,0.10472000000000001,0.135088,554243,987,100000600,74.00,74.00,57.00,67.00,51.70,0.34,476.73
9859.0,0.972,-1.215,0.052360000000000004,0.135088,-0.05236,0.135088,525414,785,100097850,93.00,93.00,81.00,89.00,74.10,0.32,474.52
14105.0,1.944,0.0,0.0,0.135088,-0.052360000000000004,-0.135088,125335,1080,100092700,51.00,51.00,50.00,51.00,47.83,0.38,477.80
9227.0,0.0,1.215,0.052360000000000004,0.135088,-0.10472,0.0,315453,1220,100045750,45.00,45.00,45.00,45.00,44.20,0.36,484.04
8421.0,0.0,0.6075000000000002,0.0,-0.067544,0.10472000000000001,-0.067544,252343,671,100070900,108.00,108.00,99.00,95.00,81.25,0.29,481.20
9748.0,0.972,-1.215,0.0,0.135088,0.10472,0.06754400000000002,455314,639,100066050,121.00,121.00,93.00,109.00,83.15,0.27,470.66
6754.0,0.0,-1.215,0.10472000000000001,-0.135088,-0.10472000000000001,0.135088,511513,851,100095900,92.00,92.00,85.00,90.00,71.20,0.33,478.39
14745.0,1.944,0.6075000000000002,0.0,0.135088,0.10472,-0.135088,155345,748,100053400,225.00,225.00,76.00,94.00,67.45,0.32,469.43
9044.0,0.0,1.215,0.0,-0.067544,0.05236,0.135088,542353,727,100060400,130.00,130.00,83.00,118.00,74.17,0.30,476.25
6470.0,0.0,-1.215,-0.05236,0.06754400000000002,0.10472,-0.135088,154213,891,100019200,72.00,72.00,60.00,68.00,57.27,0.31,480.60
11776.0,0.972,0.6075000000000002,0.10472000000000001,-0.067544,-0.10472000000000001,-0.067544,212544,1373,100033650,40.00,40.00,40.00,40.00,39.83,0.40,487.65
11994.0,0.972,1.215,-0.10472,0.135088,0.052360000000000004,0.135088,545154,981,100017000,92.00,92.00,73.00,87.00,59.40,0.34,472.89
11244.0,0.972,0.0,0.10472000000000001,0.135088,0.05236,0.135088,545534,830,100142000,144.00,144.00,88.00,119.00,69.47,0.31,474.94
10723.0,0.972,0.0,-0.10472,0.06754400000000002,0.10472,0.06754400000000002,454134,1294,100004550,47.00,47.00,45.00,46.00,39.30,0.41,497.74
3814.0,-0.972,-0.6075,-0.10472000000000001,0.0,0.0,0.135088,533122,1082,100009100,48.00,48.00,47.00,47.00,46.50,0.41,489.07
11830.0,0.972,0.6075000000000002,0.10472,0.06754400000000002,-0.05236,-0.135088,124544,1291,100018300,40.00,40.00,39.00,39.00,38.73,0.39,480.52
11434.0,0.972,0.6075000000000002,-0.052360000000000004,0.0,-0.052360000000000004,0.135088,523244,683,100001050,189.00,189.00,93.00,131.00,85.88,0.30,465.37
4345.0,-0.972,-0.6075,0.10472,0.06754400000000002,0.10472,-0.135088,154522,783,100008000,116.00,116.00,89.00,113.00,77.50,0.30,481.98
12017.0,0.972,1.215,-0.052360000000000004,-0.135088,0.05236,0.0,341254,919,100046650,95.00,95.00,83.00,85.00,67.22,0.34,480.24
6194.0,-0.972,1.215,0.10472,0.0,0.052360000000000004,0.135088,543552,700,100007450,97.00,97.00,88.00,90.00,76.22,0.26,471.77
8034.0,0.0,0.0,0.10472000000000001,-0.067544,-0.052360000000000004,0.135088,522533,831,100105250,89.00,89.00,79.00,84.00,73.88,0.31,478.09
15242.0,1.944,1.215,-0.05236,0.135088,0.052360000000000004,0.0,345255,1571,100060250,43.00,43.00,42.00,43.00,33.17,0.45,485.43
2192.0,-1.944,0.6075000000000002,0.0,0.0,0.05236,0.0,343341,610,100063650,123.00,123.00,117.00,123.00,78.55,0.27,466.43
6076.0,-0.972,1.215,0.052360000000000004,0.06754400000000002,-0.10472,-0.067544,214452,1151,100033100,54.00,54.00,54.00,54.00,53.50,0.41,479.58
8741.0,0.0,0.6075000000000002,0.10472000000000001,0.135088,0.05236,-0.067544,245543,907,100010100,78.00,78.00,65.00,70.00,61.90,0.35,471.97
13565.0,1.944,-0.6075,0.052360000000000004,0.0,0.052360000000000004,-0.135088,143425,615,100166700,101.00,101.00,96.00,98.00,84.38,0.30,468.31
15312.0,1.944,1.215,0.0,0.0,0.0,0.0,333355,1433,100076900,39.00,39.00,38.00,38.00,36.80,0.41,481.18
1486.0,-1.944,0.0,-0.05236,0.135088,0.0,-0.067544,235231,637,100112150,160.00,160.00,97.00,116.00,86.58,0.28,468.62
3092.0,-1.944,1.215,0.10472000000000001,0.06754400000000002,0.05236,0.0,344551,726,100139550,90.00,90.00,84.00,88.00,73.28,0.29,469.94
7339.0,0.0,-0.6075,0.052360000000000004,0.06754400000000002,0.0,0.135088,534423,626,100030600,134.00,134.00,89.00,124.00,81.10,0.30,462.03
1552.0,-1.944,0.0,0.0,0.0,-0.10472000000000001,0.0,313331,657,100049500,132.00,132.00,98.00,116.00,82.55,0.30,465.50
12820.0,1.944,-1.215,0.0,0.0,0.10472,-0.135088,153315,671,100030650,164.00,164.00,100.00,103.00,77.53,0.30,471.20
1758.0,-1.944,0.0,0.10472000000000001,-0.135088,-0.052360000000000004,0.06754400000000002,421531,826,100033800,108.00,108.00,82.00,95.00,77.58,0.32,485.57
3898.0,-0.972,-0.6075,-0.05236,-0.135088,0.10472,0.06754400000000002,451222,1417,100035100,40.00,40.00,40.00,40.00,39.73,0.40,489.78
1548.0,-1.944,0.0,0.0,-0.067544,0.10472000000000001,0.06754400000000002,452331,1090,100096100,48.00,48.00,48.00,48.00,47.02,0.40,487.81
14677.0,1.944,0.6075000000000002,0.0,0.0,-0.10472,0.0,313345,1179,100031100,42.00,42.00,41.00,42.00,40.75,0.37,489.72
1678.0,-1.944,0.0,0.05236,0.0,-0.10472000000000001,0.06754400000000002,413431,887,100047450,94.00,94.00,87.00,94.00,72.78,0.36,486.02
9592.0,0.972,-1.215,-0.05236,0.06754400000000002,0.052360000000000004,0.0,344214,683,100133950,136.00,136.00,86.00,90.00,74.67,0.30,476.60
8969.0,0.0,1.215,-0.052360000000000004,0.06754400000000002,0.05236,0.135088,544253,770,100011400,121.00,121.00,114.00,117.00,79.10,0.31,499.51
3980.0,-0.972,-0.6075,-0.05236,0.135088,-0.05236,-0.135088,125222,678,100108700,186.00,186.00,108.00,132.00,83.45,0.29,484.44
6021.0,-0.972,1.215,0.05236,-0.135088,0.10472000000000001,-0.067544,251452,724,100011100,209.00,209.00,130.00,125.00,86.78,0.30,483.34
6022.0,-0.972,1.215,0.052360000000000004,-0.135088,0.10472,0.0,351452,692,100019650,186.00,186.00,97.00,143.00,80.72,0.29,485.62
15338.0,1.944,1.215,0.0,0.06754400000000002,0.0,0.06754400000000002,434355,1476,100013450,37.00,37.00,36.00,37.00,33.60,0.40,497.36
1998.0,-1.944,0.6075000000000002,-0.10472,0.135088,0.10472,0.06754400000000002,455141,1152,100005500,44.00,44.00,44.00,44.00,43.02,0.39,501.46
10521.0,0.972,-0.6075,0.10472000000000001,-0.135088,0.10472000000000001,-0.067544,251524,618,100011250,189.00,189.00,120.00,103.00,83.40,0.29,481.01
13775.0,1.944,0.0,-0.10472,-0.067544,-0.10472,-0.135088,112135,616,100144600,188.00,188.00,116.00,120.00,82.33,0.28,476.27
8517.0,0.0,0.6075000000000002,0.05236,-0.135088,0.05236,0.0,341443,590,100003300,178.00,178.00,112.00,158.00,89.58,0.32,465.17
14958.0,1.944,0.6075000000000002,0.10472,0.06754400000000002,-0.05236,0.06754400000000002,424545,1505,100027350,31.00,31.00,31.00,31.00,30.93,0.34,485.71
9419.0,0.972,-1.215,-0.10472000000000001,-0.067544,0.05236,0.135088,542114,1237,100023750,48.00,48.00,46.00,48.00,43.08,0.42,485.04
12789.0,1.944,-1.215,0.0,-0.067544,0.0,0.135088,532315,633,100010200,124.00,124.00,94.00,111.00,81.00,0.28,464.85
8515.0,0.0,0.6075000000000002,0.05236,-0.135088,0.05236,-0.135088,141443,567,100053000,145.00,145.00,102.00,112.00,81.70,0.27,470.50
5341.0,-0.972,0.6075000000000002,0.0,0.06754400000000002,0.052360000000000004,-0.067544,244342,612,100158750,197.00,197.00,112.00,141.00,85.70,0.26,465.60
10728.0,0.972,0.0,-0.10472000000000001,0.135088,-0.10472000000000001,0.06754400000000002,415134,572,100028600,189.00,189.00,124.00,139.00,87.20,0.35,471.30
2363.0,-1.944,0.6075000000000002,0.052360000000000004,0.135088,0.0,0.06754400000000002,435441,718,100103500,115.00,115.00,88.00,115.00,82.67,0.30,471.57
14813.0,1.944,0.6075000000000002,0.05236,0.0,0.0,0.06754400000000002,433445,1151,100045500,43.00,43.00,42.00,43.00,41.80,0.36,472.88
4781.0,-0.972,0.0,0.052360000000000004,-0.067544,-0.05236,-0.067544,222432,674,100115700,108.00,108.00,98.00,101.00,80.20,0.32,473.12
9759.0,0.972,-1.215,0.05236,-0.135088,-0.052360000000000004,0.135088,521414,622,100079400,186.00,186.00,100.00,121.00,81.38,0.30,465.15
14333.0,1.944,0.0,0.10472,0.06754400000000002,-0.05236,0.06754400000000002,424535,1312,100065350,37.00,37.00,37.00,37.00,36.80,0.40,488.41
12238.0,0.972,1.215,0.0,0.135088,0.0,0.06754400000000002,435354,853,100057700,70.00,70.00,65.00,64.00,55.23,0.30,480.03
13501.0,1.944,-0.6075,0.052360000000000004,-0.135088,-0.10472,-0.067544,211425,873,100010450,66.00,66.00,62.00,63.00,57.75,0.39,485.12
4170.0,-0.972,-0.6075,0.05236,-0.067544,0.10472000000000001,-0.135088,152422,631,100100250,126.00,126.00,107.00,110.00,85.15,0.27,470.12
256.0,-1.944,-1.215,0.0,-0.135088,-0.05236,-0.067544,221311,1710,100073050,35.00,35.00,35.00,35.00,34.08,0.47,486.60
4461.0,-0.972,0.0,-0.10472000000000001,0.06754400000000002,0.0,-0.067544,234132,737,100054100,140.00,140.00,89.00,91.00,73.85,0.33,469.21
1526.0,-1.944,0.0,0.0,-0.067544,-0.10472,-0.067544,212331,733,100033000,133.00,133.00,92.00,128.00,80.50,0.29,482.58
10139.0,0.972,-0.6075,-0.052360000000000004,-0.135088,0.0,0.135088,531224,773,100108150,90.00,90.00,84.00,88.00,74.95,0.34,475.55
1500.0,-1.944,0.0,0.0,-0.135088,-0.10472,-0.135088,111331,675,100028400,156.00,156.00,96.00,119.00,84.33,0.34,463.48
4649.0,-0.972,0.0,0.0,-0.135088,0.10472000000000001,0.135088,551332,1012,100072350,56.00,56.00,55.00,56.00,54.27,0.35,487.08
12810.0,1.944,-1.215,0.0,0.0,0.0,-0.135088,133315,635,100157500,231.00,231.00,102.00,132.00,87.80,0.27,472.76
8236.0,0.0,0.6075000000000002,-0.10472000000000001,0.135088,0.0,-0.067544,235143,688,100169050,121.00,121.00,116.00,117.00,79.70,0.30,465.54
4990.0,-0.972,0.0,0.10472,0.135088,0.052360000000000004,-0.135088,145532,763,100143800,91.00,91.00,86.00,91.00,73.50,0.31,468.46
5631.0,-0.972,1.215,-0.10472000000000001,-0.135088,-0.052360000000000004,-0.067544,221152,713,100030700,86.00,86.00,80.00,82.00,71.60,0.32,469.73
9377.0,0.972,-1.215,-0.10472,-0.135088,-0.10472,0.0,311114,741,100049200,149.00,149.00,89.00,90.00,70.50,0.33,467.11
6159.0,-0.972,1.215,0.10472000000000001,-0.067544,-0.052360000000000004,0.135088,522552,781,100147350,106.00,106.00,94.00,99.00,68.08,0.36,478.13
1721.0,-1.944,0.0,0.052360000000000004,0.06754400000000002,0.10472,-0.067544,254431,585,100179650,195.00,195.00,115.00,115.00,86.03,0.30,462.29
8926.0,0.0,1.215,-0.052360000000000004,0.0,-0.10472000000000001,-0.067544,213253,644,100025250,112.00,112.00,100.00,104.00,84.97,0.27,466.05
5634.0,-0.972,1.215,-0.10472,-0.135088,-0.05236,0.135088,521152,786,100076100,91.00,91.00,79.00,82.00,70.90,0.34,491.72
2706.0,-1.944,1.215,-0.052360000000000004,0.06754400000000002,-0.052360000000000004,-0.067544,224251,608,100172450,164.00,164.00,132.00,139.00,84.92,0.26,468.35
8286.0,0.0,0.6075000000000002,-0.05236,-0.067544,0.0,-0.067544,232243,670,100015700,122.00,122.00,92.00,109.00,76.12,0.29,474.26
15579.0,1.944,1.215,0.10472000000000001,0.06754400000000002,-0.10472000000000001,0.135088,514555,1928,100045300,25.00,25.00,25.00,25.00,25.00,0.38,497.93
3761.0,-0.972,-0.6075,-0.10472,-0.135088,0.0,-0.067544,231122,1153,100072800,46.00,46.00,45.00,46.00,44.70,0.37,490.43
12031.0,0.972,1.215,-0.052360000000000004,-0.067544,-0.052360000000000004,-0.067544,222254,665,100058100,199.00,199.00,90.00,125.00,83.78,0.28,481.77
7410.0,0.0,-0.6075,0.10472,-0.067544,0.0,-0.135088,132523,852,100093250,86.00,86.00,83.00,84.00,71.75,0.32,494.45
5655.0,-0.972,1.215,-0.10472000000000001,-0.067544,-0.052360000000000004,-0.135088,122152,678,100117150,111.00,111.00,87.00,107.00,80.03,0.28,486.87
4615.0,-0.972,0.0,-0.05236,0.135088,0.052360000000000004,-0.135088,145232,605,100119300,118.00,118.00,102.00,108.00,85.75,0.35,476.31
293.0,-1.944,-1.215,0.0,-0.067544,0.05236,0.06754400000000002,442311,1492,100022650,33.00,33.00,32.00,32.00,31.98,0.33,489.09
14573.0,1.944,0.6075000000000002,-0.05236,0.0,0.10472,0.06754400000000002,453245,1046,100054900,97.00,97.00,67.00,94.00,58.45,0.36,486.21
3788.0,-0.972,-0.6075,-0.10472000000000001,-0.067544,0.0,0.06754400000000002,432122,1096,100015800,46.00,46.00,45.00,46.00,44.65,0.36,488.17
6419.0,0.0,-1.215,-0.05236,-0.067544,0.052360000000000004,0.135088,542213,1049,100002650,51.00,51.00,51.00,51.00,49.92,0.34,480.43
14444.0,1.944,0.6075000000000002,-0.10472000000000001,0.0,0.05236,0.135088,543145,1066,100081300,63.00,63.00,54.00,61.00,48.58,0.34,487.90
5821.0,-0.972,1.215,-0.05236,0.0,0.10472,-0.067544,253252,937,100055850,83.00,83.00,71.00,77.00,65.90,0.35,480.13
431.0,-1.944,-1.215,0.05236,0.0,-0.052360000000000004,-0.067544,223411,1594,100059950,39.00,39.00,37.00,38.00,33.45,0.50,482.13
820.0,-1.944,-0.6075,-0.05236,0.0,0.10472,-0.135088,153221,1330,100038750,36.00,36.00,36.00,36.00,35.40,0.34,488.75
6100.0,-0.972,1.215,0.05236,0.135088,-0.10472000000000001,-0.135088,115452,1323,100063050,40.00,40.00,39.00,40.00,37.90,0.41,484.52
6202.0,-0.972,1.215,0.10472,0.06754400000000002,-0.10472,0.0,314552,1402,100043850,35.00,35.00,35.00,35.00,34.30,0.43,481.54
4009.0,-0.972,-0.6075,0.0,-0.135088,-0.052360000000000004,0.135088,521322,672,100058400,135.00,135.00,107.00,125.00,81.22,0.32,478.39
8770.0,0.0,1.215,-0.10472,-0.135088,0.10472,-0.135088,151153,1398,100008150,37.00,37.00,36.00,37.00,35.65,0.44,482.98
6507.0,0.0,-1.215,0.0,-0.135088,-0.052360000000000004,0.0,321313,607,100075350,147.00,147.00,101.00,115.00,82.83,0.29,478.66
1544.0,-1.944,0.0,0.0,-0.067544,0.052360000000000004,0.135088,542331,937,100037900,65.00,65.00,60.00,63.00,57.67,0.35,488.05
13334.0,1.944,-0.6075,-0.052360000000000004,0.06754400000000002,-0.052360000000000004,0.135088,524225,583,100173350,159.00,159.00,114.00,147.00,92.28,0.32,464.22
13058.0,1.944,-1.215,0.10472,0.0,-0.05236,0.06754400000000002,423515,1023,100106450,67.00,67.00,61.00,65.00,60.30,0.40,485.33
4718.0,-0.972,0.0,0.0,0.06754400000000002,0.05236,0.06754400000000002,444332,726,100182850,127.00,127.00,121.00,119.00,84.38,0.29,475.77
15253.0,1.944,1.215,0.0,-0.135088,-0.10472,0.06754400000000002,411355,1359,100047300,38.00,38.00,37.00,38.00,34.17,0.36,478.08
13234.0,1.944,-0.6075,-0.10472000000000001,0.135088,-0.052360000000000004,0.135088,525125,659,100106300,119.00,119.00,102.00,109.00,75.53,0.28,473.96
1927.0,-1.944,0.6075000000000002,-0.10472,0.0,-0.10472,0.0,313141,647,100065850,101.00,101.00,93.00,98.00,78.67,0.38,472.69
5201.0,-0.972,0.6075000000000002,-0.052360000000000004,0.06754400000000002,-0.10472000000000001,-0.067544,214242,734,100085650,126.00,126.00,108.00,112.00,86.70,0.30,472.71
5501.0,-0.972,0.6075000000000002,0.10472,-0.135088,-0.10472,-0.067544,211542,1143,100018550,59.00,59.00,58.00,59.00,41.40,0.41,488.17
11679.0,0.972,0.6075000000000002,0.05236,0.0,-0.10472000000000001,0.135088,513444,988,100064700,53.00,53.00,51.00,51.00,49.33,0.38,494.14
3161.0,-0.972,-1.215,-0.10472,-0.067544,0.0,-0.067544,232112,1191,100036500,41.00,41.00,41.00,41.00,40.65,0.38,484.32
4483.0,-0.972,0.0,-0.10472000000000001,0.135088,-0.052360000000000004,0.06754400000000002,425132,645,100166100,98.00,98.00,94.00,94.00,79.42,0.28,472.32
15082.0,1.944,1.215,-0.10472,0.06754400000000002,-0.05236,0.0,324155,1026,100101250,62.00,62.00,57.00,61.00,54.45,0.33,477.57
1325.0,-1.944,0.0,-0.10472000000000001,0.06754400000000002,-0.10472000000000001,-0.135088,114131,606,100062850,200.00,200.00,106.00,105.00,84.53,0.29,477.39
6005.0,-0.972,1.215,0.052360000000000004,-0.135088,-0.05236,-0.135088,121452,802,100070800,90.00,90.00,86.00,89.00,73.95,0.33,477.24
9252.0,0.0,1.215,0.10472000000000001,-0.135088,-0.10472000000000001,0.0,311553,1087,100067450,48.00,48.00,48.00,48.00,47.02,0.38,497.85
3071.0,-1.944,1.215,0.10472,0.0,0.10472,-0.067544,253551,605,100023500,100.00,100.00,95.00,98.00,83.88,0.29,473.70
14362.0,1.944,0.0,0.10472000000000001,0.135088,0.0,0.0,335535,1310,100079650,38.00,38.00,38.00,38.00,37.25,0.39,493.92
2228.0,-1.944,0.6075000000000002,0.0,0.135088,-0.10472,0.06754400000000002,415341,754,100051750,156.00,156.00,90.00,92.00,72.95,0.33,489.96
366.0,-1.944,-1.215,0.0,0.135088,0.05236,-0.067544,245311,1356,100076650,42.00,42.00,41.00,41.00,37.52,0.38,486.33
10330.0,0.972,-0.6075,0.0,0.06754400000000002,-0.05236,-0.135088,124324,776,100165200,115.00,115.00,101.00,101.00,79.10,0.31,478.30
13408.0,1.944,-0.6075,0.0,-0.067544,-0.052360000000000004,0.06754400000000002,422325,602,100035100,173.00,173.00,120.00,106.00,83.28,0.29,504.58
7925.0,0.0,0.0,0.052360000000000004,0.0,-0.10472,-0.135088,113433,1205,100008950,59.00,59.00,56.00,59.00,45.88,0.40,521.36
12875.0,1.944,-1.215,0.05236,-0.135088,-0.10472000000000001,-0.135088,111415,898,100052350,77.00,77.00,69.00,70.00,64.83,0.32,516.07
3773.0,-0.972,-0.6075,-0.10472,-0.135088,0.10472,0.06754400000000002,451122,1832,100027300,27.00,27.00,27.00,27.00,26.82,0.41,525.14
13716.0,1.944,-0.6075,0.10472000000000001,0.06754400000000002,0.05236,-0.067544,244525,940,100067900,74.00,74.00,60.00,74.00,56.52,0.32,520.55
11237.0,0.972,0.0,0.10472,0.135088,0.0,0.0,335534,1028,100082850,52.00,52.00,51.00,52.00,49.70,0.35,522.45
7780.0,0.0,0.0,0.0,-0.067544,-0.052360000000000004,-0.135088,122333,778,100129000,116.00,116.00,97.00,106.00,79.67,0.29,513.77
9284.0,0.0,1.215,0.10472,-0.067544,-0.05236,0.135088,522553,1026,100064700,60.00,60.00,53.00,60.00,50.62,0.33,504.45
3457.0,-0.972,-1.215,0.0,0.06754400000000002,-0.052360000000000004,0.0,324312,671,100098050,180.00,180.00,101.00,146.00,79.75,0.28,507.22
4368.0,-0.972,-0.6075,0.10472,0.135088,0.052360000000000004,0.06754400000000002,445522,759,100141850,107.00,107.00,84.00,103.00,74.75,0.30,500.28
13994.0,1.944,0.0,-0.052360000000000004,0.135088,0.05236,0.135088,545235,727,100161700,130.00,130.00,92.00,119.00,81.47,0.30,506.43
12502.0,1.944,-1.215,-0.10472,-0.135088,-0.10472,0.0,311115,648,100010800,94.00,94.00,91.00,91.00,74.88,0.33,502.35
7157.0,0.0,-0.6075,0.0,-0.067544,-0.052360000000000004,0.0,322323,599,100001300,189.00,189.00,119.00,147.00,82.55,0.28,505.65
14186.0,1.944,0.0,0.052360000000000004,0.0,0.0,-0.067544,233435,944,100083250,80.00,80.00,68.00,80.00,54.85,0.36,514.75
15518.0,1.944,1.215,0.10472000000000001,-0.135088,0.05236,0.06754400000000002,441555,1724,100035850,31.00,31.00,30.00,31.00,29.68,0.44,521.94
13592.0,1.944,-0.6075,0.052360000000000004,0.06754400000000002,0.052360000000000004,0.0,344425,709,100012750,144.00,144.00,92.00,96.00,84.08,0.27,509.16
6582.0,0.0,-1.215,0.0,0.06754400000000002,-0.052360000000000004,0.0,324313,666,100102200,159.00,159.00,98.00,111.00,87.22,0.30,507.23
11982.0,0.972,1.215,-0.10472,0.135088,-0.05236,0.0,325154,616,100154150,185.00,185.00,117.00,133.00,83.20,0.32,497.31
14773.0,1.944,0.6075000000000002,0.05236,-0.135088,0.10472000000000001,0.06754400000000002,451445,649,100058600,165.00,165.00,89.00,110.00,75.97,0.32,498.08
13488.0,1.944,-0.6075,0.0,0.135088,0.0,0.06754400000000002,435325,614,100048800,146.00,146.00,107.00,135.00,88.35,0.29,489.71
7677.0,0.0,0.0,-0.052360000000000004,0.0,-0.10472000000000001,0.0,313233,982,100069400,53.00,53.00,52.00,52.00,51.08,0.37,500.89
8677.0,0.0,0.6075000000000002,0.10472,0.0,-0.10472,0.0,313543,1311,100011700,42.00,42.00,40.00,42.00,38.20,0.41,514.31
5908.0,-0.972,1.215,0.0,-0.067544,-0.052360000000000004,0.06754400000000002,422352,688,100047800,169.00,169.00,96.00,125.00,87.40,0.31,486.26
12290.0,0.972,1.215,0.052360000000000004,-0.067544,0.052360000000000004,-0.135088,142454,803,100041100,165.00,165.00,90.00,94.00,72.60,0.30,481.02
6580.0,0.0,-1.215,0.0,0.06754400000000002,-0.052360000000000004,-0.135088,124313,670,100086600,133.00,133.00,116.00,118.00,82.92,0.28,489.73
12274.0,0.972,1.215,0.052360000000000004,-0.135088,0.10472,0.135088,551454,830,100052800,151.00,151.00,92.00,102.00,80.22,0.34,482.77
10552.0,0.972,-0.6075,0.10472000000000001,0.0,-0.10472000000000001,0.0,313524,1285,100000650,42.00,42.00,42.00,42.00,38.17,0.44,495.23
9141.0,0.0,1.215,0.052360000000000004,-0.135088,0.052360000000000004,-0.067544,241453,582,100137050,153.00,153.00,105.00,124.00,88.05,0.29,479.72
2636.0,-1.944,1.215,-0.052360000000000004,-0.135088,0.0,-0.067544,231251,794,100031900,92.00,92.00,91.00,92.00,72.35,0.31,495.57
14876.0,1.944,0.6075000000000002,0.10472,-0.135088,-0.10472,-0.067544,211545,1452,100023650,32.00,32.00,32.00,32.00,31.93,0.30,498.40
13524.0,1.944,-0.6075,0.05236,-0.135088,0.10472000000000001,0.135088,551425,712,100016050,113.00,113.00,101.00,101.00,79.97,0.32,491.94
9847.0,0.972,-1.215,0.052360000000000004,0.06754400000000002,0.10472,0.0,354414,697,100094650,183.00,183.00,137.00,119.00,83.47,0.27,490.67
3749.0,-0.972,-1.215,0.10472000000000001,0.135088,0.10472000000000001,0.135088,555512,640,100023800,170.00,170.00,94.00,123.00,81.20,0.29,506.56
7684.0,0.0,0.0,-0.05236,0.0,-0.05236,0.135088,523233,644,100038400,207.00,207.00,130.00,142.00,96.08,0.33,508.85
12050.0,0.972,1.215,-0.052360000000000004,0.0,-0.10472000000000001,-0.135088,113254,807,100111100,89.00,89.00,72.00,79.00,68.70,0.35,511.40
13946.0,1.944,0.0,-0.05236,0.0,0.10472,-0.067544,253235,862,100033450,95.00,95.00,71.00,93.00,67.30,0.31,519.92
8822.0,0.0,1.215,-0.10472000000000001,0.0,0.10472000000000001,0.0,353153,1309,100065000,42.00,42.00,40.00,42.00,38.23,0.41,527.81
12069.0,0.972,1.215,-0.05236,0.0,0.052360000000000004,0.135088,543254,844,100023700,105.00,105.00,74.00,84.00,59.90,0.33,506.47
12.0,-1.944,-1.215,-0.10472000000000001,-0.135088,0.0,0.0,331111,2008,100016200,25.00,25.00,25.00,25.00,24.57,0.37,521.53
7053.0,0.0,-0.6075,-0.05236,0.0,-0.10472,0.06754400000000002,413223,616,100023900,177.00,177.00,110.00,131.00,86.60,0.29,503.12
14896.0,1.944,0.6075000000000002,0.10472000000000001,-0.135088,0.10472000000000001,-0.067544,251545,1073,100039750,52.00,52.00,50.00,51.00,45.70,0.35,513.60
14249.0,1.944,0.0,0.052360000000000004,0.135088,0.10472,0.135088,555435,623,100077250,161.00,161.00,129.00,115.00,84.12,0.30,502.81
8407.0,0.0,0.6075000000000002,0.0,-0.067544,-0.052360000000000004,0.0,322343,629,100104300,144.00,144.00,130.00,95.00,79.30,0.27,499.86
11183.0,0.972,0.0,0.10472,0.0,-0.05236,0.06754400000000002,423534,1027,100066100,56.00,56.00,54.00,55.00,52.70,0.42,521.38
10905.0,0.972,0.0,0.0,-0.067544,-0.052360000000000004,-0.135088,122334,683,100101150,113.00,113.00,98.00,108.00,84.05,0.28,498.10
11968.0,0.972,1.215,-0.10472,0.06754400000000002,0.052360000000000004,0.06754400000000002,444154,950,100127350,101.00,101.00,94.00,97.00,74.75,0.36,509.72
11135.0,0.972,0.0,0.10472000000000001,-0.135088,0.0,-0.135088,131534,801,100147850,128.00,128.00,90.00,99.00,69.85,0.35,494.56
5111.0,-0.972,0.6075000000000002,-0.10472,0.135088,0.0,-0.067544,235142,688,100164750,104.00,104.00,96.00,98.00,77.97,0.33,487.01
57.0,-1.944,-1.215,-0.10472000000000001,0.0,-0.052360000000000004,0.0,323111,1837,100046400,28.00,28.00,28.00,28.00,28.00,0.46,491.81
13445.0,1.944,-0.6075,0.0,0.0,0.10472,-0.135088,153325,717,100126500,131.00,131.00,109.00,130.00,77.12,0.30,475.19
9458.0,0.972,-1.215,-0.10472000000000001,0.06754400000000002,-0.052360000000000004,0.06754400000000002,424114,758,100025700,97.00,97.00,79.00,91.00,75.38,0.30,471.28
8789.0,0.0,1.215,-0.10472,-0.067544,0.0,0.135088,532153,889,100097950,84.00,84.00,80.00,80.00,61.77,0.34,483.40
13825.0,1.944,0.0,-0.10472000000000001,0.06754400000000002,-0.10472000000000001,-0.135088,114135,617,100113550,212.00,212.00,132.00,145.00,91.92,0.27,472.62
10174.0,0.972,-0.6075,-0.05236,-0.067544,0.10472,0.135088,552224,1178,100027050,57.00,57.00,56.00,56.00,48.17,0.39,483.70
12296.0,0.972,1.215,0.05236,-0.067544,0.10472000000000001,-0.067544,252454,667,100012250,195.00,195.00,97.00,138.00,83.28,0.29,472.78
14785.0,1.944,0.6075000000000002,0.052360000000000004,-0.067544,0.0,-0.135088,132445,1152,100039550,44.00,44.00,43.00,44.00,41.10,0.36,491.17
6897.0,0.0,-0.6075,-0.10472000000000001,-0.135088,0.10472000000000001,0.0,351123,1576,100041950,32.00,32.00,32.00,32.00,31.95,0.42,500.57
5494.0,-0.972,0.6075000000000002,0.052360000000000004,0.135088,0.052360000000000004,0.135088,545442,638,100015500,123.00,123.00,98.00,115.00,82.28,0.27,477.43
10435.0,0.972,-0.6075,0.05236,0.0,0.0,-0.135088,133424,714,100100550,94.00,94.00,86.00,88.00,73.38,0.28,481.79
4402.0,-0.972,0.0,-0.10472,-0.067544,-0.10472,0.0,312132,743,100003450,91.00,91.00,87.00,87.00,70.00,0.30,427.43
1985.0,-1.944,0.6075000000000002,-0.10472000000000001,0.135088,0.0,-0.135088,135141,695,100016700,109.00,109.00,96.00,99.00,80.20,0.30,415.64
7898.0,0.0,0.0,0.052360000000000004,-0.135088,0.10472,0.06754400000000002,451433,689,100105200,104.00,104.00,93.00,96.00,82.60,0.30,395.78
10349.0,0.972,-0.6075,0.0,0.06754400000000002,0.10472000000000001,0.135088,554324,678,100139300,106.00,106.00,98.00,102.00,81.10,0.34,344.61
